Date,Open,High,Low,Close,Adj Close,Volume
"Nov 15, 2024",214.60,215.15,213.10,213.10,213.10,"53,968"
"Nov 14, 2024",212.55,214.85,212.55,214.30,214.30,"45,688"
"Nov 13, 2024",210.65,212.25,209.90,212.05,212.05,"42,099"
"Nov 12, 2024",210.05,212.45,209.95,212.20,212.20,"38,036"
"Nov 11, 2024",212.90,213.00,209.15,209.25,209.25,"35,658"
"Nov 8, 2024",211.40,212.40,210.70,211.60,211.60,"35,720"
"Nov 7, 2024",207.45,209.95,207.15,209.95,209.70,"48,966"
"Nov 6, 2024",210.60,210.80,206.80,209.70,209.45,"99,669"
"Nov 5, 2024",203.50,205.50,202.30,204.30,204.06,"49,198"
"Nov 4, 2024",203.00,204.10,201.75,203.30,203.06,"51,648"
"Nov 1, 2024",205.10,207.30,202.75,205.15,204.91,"91,385"
"Oct 31, 2024",211.40,211.90,208.90,209.55,209.30,"50,062"
"Oct 30, 2024",215.40,215.50,212.40,213.10,212.85,"53,677"
"Oct 29, 2024",215.55,216.95,214.55,215.95,215.69,"35,576"
"Oct 28, 2024",215.15,216.60,214.25,216.35,216.09,"57,793"
"Oct 25, 2024",211.40,215.30,209.75,214.45,214.19,"58,984"
"Oct 24, 2024",214.30,214.85,211.60,212.95,212.70,"38,871"
"Oct 23, 2024",218.00,218.30,216.45,216.45,216.19,"36,556"
"Oct 22, 2024",218.30,218.30,215.10,216.85,216.59,"32,563"
"Oct 21, 2024",215.95,217.95,215.15,217.50,217.24,"34,301"
"Oct 18, 2024",215.40,218.50,215.40,216.25,215.99,"76,625"
"Oct 17, 2024",214.20,216.20,213.30,214.35,214.09,"92,563"
"Oct 16, 2024",215.40,215.60,211.40,212.15,211.90,"28,717"
"Oct 15, 2024",213.00,217.65,211.20,216.30,216.04,"101,549"
"Oct 14, 2024",208.00,212.00,208.00,210.55,210.30,"50,386"
"Oct 11, 2024",209.20,209.90,208.00,208.10,207.85,"17,221"
"Oct 10, 2024",209.80,209.85,207.80,209.00,208.75,"42,211"
"Oct 9, 2024",205.25,208.40,204.85,208.40,208.15,"23,824"
"Oct 8, 2024",202.40,206.00,201.85,205.50,205.26,"40,142"
"Oct 7, 2024",205.25,205.65,203.65,205.10,204.86,"36,796"
"Oct 4, 2024",203.80,207.90,203.80,204.80,204.56,"34,940"
"Oct 3, 2024",205.00,205.55,203.65,204.20,203.96,"19,329"
"Oct 2, 2024",203.65,205.35,201.90,205.35,205.11,"146,365"
"Oct 1, 2024",209.80,210.60,202.75,203.75,203.51,"57,210"
"Sep 30, 2024",203.50,208.25,203.50,208.25,208.00,"69,278"
"Sep 27, 2024",203.45,205.30,203.35,204.00,203.76,"45,374"
"Sep 26, 2024",203.80,205.10,202.75,202.85,202.61,"50,588"
"Sep 25, 2024",202.40,203.15,200.60,202.10,201.86,"52,097"
"Sep 24, 2024",203.80,205.75,202.50,203.45,203.21,"32,617"
"Sep 23, 2024",204.70,206.10,203.10,205.30,205.06,"28,694"
"Sep 20, 2024",204.05,207.15,203.55,206.80,206.55,"53,432"
"Sep 19, 2024",200.30,206.60,200.00,204.95,204.71,"88,548"
"Sep 18, 2024",195.02,199.34,193.54,198.08,197.84,"35,063"
"Sep 17, 2024",194.68,195.14,193.02,194.58,194.35,"41,818"
"Sep 16, 2024",199.10,199.50,192.36,194.46,194.23,"61,888"
"Sep 13, 2024",201.10,202.55,200.40,201.85,201.61,"14,469"
"Sep 12, 2024",202.40,202.80,199.36,201.60,201.36,"31,569"
"Sep 11, 2024",198.18,202.50,198.00,198.66,198.42,"25,664"
"Sep 10, 2024",198.76,199.78,196.60,199.44,199.20,"65,865"
"Sep 9, 2024",200.70,201.90,196.66,198.78,198.54,"40,942"
"Sep 6, 2024",199.80,203.35,198.70,199.54,199.30,"32,997"
"Sep 5, 2024",198.08,203.25,197.24,200.85,200.61,"55,744"
"Sep 4, 2024",199.56,200.55,196.40,197.28,197.05,"84,209"
"Sep 3, 2024",207.60,207.85,202.60,203.15,202.91,"23,881"
"Sep 2, 2024",207.00,208.15,206.15,207.30,207.05,"13,676"
"Aug 30, 2024",208.10,208.90,205.95,206.45,206.20,"25,724"
"Aug 29, 2024",204.00,210.40,204.00,209.65,209.40,"47,339"
"Aug 28, 2024",204.20,206.60,203.45,203.60,203.36,"22,509"
"Aug 27, 2024",201.95,204.85,201.75,204.50,204.26,"51,572"
"Aug 26, 2024",202.30,203.70,200.35,201.60,201.36,"20,867"
"Aug 23, 2024",202.90,204.70,201.55,202.00,201.76,"17,661"
"Aug 22, 2024",202.95,205.50,202.65,203.60,203.36,"24,578"
"Aug 21, 2024",204.05,205.00,203.20,203.35,203.11,"12,512"
"Aug 20, 2024",203.90,204.60,203.00,204.00,203.76,"19,522"
"Aug 19, 2024",204.10,205.05,201.90,202.90,202.66,"26,264"
"Aug 16, 2024",205.50,205.95,202.80,204.95,204.71,"25,999"
"Aug 15, 2024",202.25,205.35,201.40,204.00,203.76,"29,908"
"Aug 14, 2024",202.00,202.10,199.14,202.10,201.86,"65,951"
"Aug 13, 2024",199.90,202.40,199.22,201.85,201.61,"17,209"
"Aug 12, 2024",198.96,200.70,197.50,198.86,198.62,"32,507"
"Aug 9, 2024",195.80,197.48,193.10,197.22,196.74,"56,365"
"Aug 8, 2024",194.00,195.58,191.00,194.74,194.26,"69,000"
"Aug 7, 2024",191.40,195.36,189.00,195.36,194.88,"52,217"
"Aug 6, 2024",193.00,193.34,184.30,189.54,189.07,"122,493"
"Aug 5, 2024",180.20,194.08,178.48,192.40,191.93,"526,124"
"Aug 2, 2024",201.30,206.00,196.26,203.60,203.10,"90,221"
"Aug 1, 2024",207.15,208.40,204.10,204.55,204.05,"44,104"
"Jul 31, 2024",203.15,206.55,202.65,205.95,205.44,"41,186"
"Jul 30, 2024",201.90,203.80,201.05,201.25,200.76,"25,704"
"Jul 29, 2024",201.85,202.65,199.76,200.35,199.86,"27,939"
"Jul 26, 2024",201.25,202.95,199.00,200.65,200.16,"26,929"
"Jul 25, 2024",200.90,202.65,198.18,201.45,200.96,"77,382"
"Jul 24, 2024",206.05,208.10,201.25,201.45,200.96,"62,407"
"Jul 23, 2024",206.05,209.00,205.20,209.00,208.49,"37,893"
"Jul 22, 2024",206.55,209.45,205.70,205.85,205.34,"38,919"
"Jul 19, 2024",206.25,208.30,204.05,205.75,205.24,"39,267"
"Jul 18, 2024",211.85,212.10,204.45,204.60,204.10,"83,108"
"Jul 17, 2024",214.00,214.05,207.55,209.35,208.84,"64,132"
"Jul 16, 2024",216.55,216.95,214.30,214.85,214.32,"43,373"
"Jul 15, 2024",214.30,217.30,213.70,215.85,215.32,"62,505"
"Jul 12, 2024",209.35,213.00,209.30,212.65,212.13,"42,667"
"Jul 11, 2024",214.60,214.95,208.20,208.50,207.99,"71,769"
"Jul 10, 2024",211.55,214.05,211.20,213.45,212.93,"42,555"
"Jul 9, 2024",210.70,212.00,209.25,210.90,210.38,"32,186"
"Jul 8, 2024",209.45,210.40,206.00,208.80,208.29,"48,618"
"Jul 5, 2024",204.70,208.45,204.30,207.60,207.09,"30,523"
"Jul 4, 2024",204.65,205.05,203.85,204.50,204.00,"23,221"
"Jul 3, 2024",204.75,205.10,202.60,203.80,203.30,"24,812"
"Jul 2, 2024",201.50,205.10,200.50,204.50,204.00,"48,852"
"Jul 1, 2024",197.18,200.95,195.64,200.60,200.11,"44,332"
"Jun 28, 2024",200.50,202.05,199.58,199.90,199.41,"58,048"
"Jun 27, 2024",199.10,201.10,198.32,198.86,198.37,"36,613"
"Jun 26, 2024",195.80,200.10,195.66,199.86,199.37,"43,266"
"Jun 25, 2024",194.98,197.42,194.40,196.10,195.62,"33,675"
"Jun 24, 2024",194.02,198.20,192.46,198.18,197.69,"64,630"
"Jun 21, 2024",195.58,198.30,195.20,197.54,197.05,"63,763"
"Jun 20, 2024",199.72,200.80,195.56,195.86,195.38,"83,809"
"Jun 19, 2024",200.00,200.65,199.44,200.45,199.96,"39,923"
"Jun 18, 2024",202.90,203.70,198.74,199.30,198.81,"48,215"
"Jun 17, 2024",199.60,202.75,198.40,201.70,201.20,"47,383"
"Jun 14, 2024",199.44,201.55,198.92,199.74,199.25,"50,963"
"Jun 13, 2024",198.48,200.80,197.00,198.24,197.75,"101,930"
"Jun 12, 2024",192.00,201.05,190.26,200.05,199.56,"126,610"
"Jun 11, 2024",178.80,191.20,178.16,191.20,190.73,"143,069"
"Jun 10, 2024",183.52,184.06,181.52,181.98,181.53,"42,069"
"Jun 7, 2024",179.24,181.26,178.74,181.26,180.81,"28,394"
"Jun 6, 2024",180.30,180.70,179.36,179.98,179.54,"66,616"
"Jun 5, 2024",179.12,180.68,178.96,180.68,180.24,"55,475"
"Jun 4, 2024",178.02,179.42,177.58,178.14,177.70,"30,088"
"Jun 3, 2024",177.68,179.28,177.56,178.24,177.80,"59,908"
"May 31, 2024",176.78,177.12,175.30,175.46,175.03,"19,701"
"May 30, 2024",175.88,177.38,175.66,176.76,176.33,"16,202"
"May 29, 2024",174.52,177.74,174.42,177.08,176.64,"45,597"
"May 28, 2024",175.32,179.20,174.98,176.48,176.05,"74,980"
"May 27, 2024",174.98,175.12,174.00,175.12,174.69,"27,445"
"May 24, 2024",172.90,175.34,172.78,175.00,174.57,"36,120"
"May 23, 2024",176.76,176.76,174.10,174.82,174.39,"35,389"
"May 22, 2024",177.02,177.86,176.80,177.10,176.66,"33,718"
"May 21, 2024",175.78,177.40,175.38,177.16,176.72,"28,149"
"May 20, 2024",174.58,176.62,173.22,176.18,175.75,"30,257"
"May 17, 2024",174.74,175.76,174.38,174.44,174.01,"32,789"
"May 16, 2024",174.98,175.98,174.26,174.72,174.29,"46,580"
"May 15, 2024",173.00,175.00,172.56,174.50,174.07,"34,144"
"May 14, 2024",172.98,174.04,172.10,172.68,172.26,"46,287"
"May 13, 2024",170.86,172.56,170.54,172.56,172.14,"55,661"
"May 10, 2024",171.30,171.68,169.36,169.54,169.12,"30,840"
"May 9, 2024",169.78,170.70,169.30,170.54,169.87,"22,446"
"May 8, 2024",169.48,171.04,168.82,169.58,168.92,"41,745"
"May 7, 2024",169.98,171.44,169.08,169.12,168.46,"46,931"
"May 6, 2024",167.90,170.74,167.50,168.78,168.12,"74,751"
"May 3, 2024",169.44,173.40,169.26,171.44,170.77,"237,916"
"May 2, 2024",159.68,161.80,159.26,160.36,159.73,"45,462"
"Apr 30, 2024",162.48,163.40,161.42,162.76,162.12,"36,315"
"Apr 29, 2024",159.70,164.60,159.34,162.60,161.96,"80,119"
"Apr 26, 2024",158.68,160.42,158.20,159.82,159.19,"37,676"
"Apr 25, 2024",157.20,159.54,157.00,157.00,156.38,"41,674"
"Apr 24, 2024",156.66,157.36,155.48,157.28,156.66,"26,516"
"Apr 23, 2024",156.10,156.10,154.12,155.56,154.95,"59,369"
"Apr 22, 2024",155.26,156.30,154.84,155.46,154.85,"27,708"
"Apr 19, 2024",156.00,157.52,154.60,154.80,154.19,"50,441"
"Apr 18, 2024",158.28,158.28,156.72,157.48,156.86,"43,968"
"Apr 17, 2024",158.86,160.34,158.84,158.84,158.22,"23,458"
"Apr 16, 2024",162.32,163.16,158.76,159.20,158.58,"49,502"
"Apr 15, 2024",164.80,166.02,163.22,165.26,164.61,"83,340"
"Apr 12, 2024",163.46,167.60,162.92,165.76,165.11,"101,859"
"Apr 11, 2024",156.32,158.20,156.14,158.18,157.56,"31,433"
"Apr 10, 2024",156.22,157.62,155.50,156.02,155.41,"27,594"
"Apr 9, 2024",155.14,156.30,154.46,155.54,154.93,"52,353"
"Apr 8, 2024",156.20,156.42,155.22,155.44,154.83,"40,693"
"Apr 5, 2024",156.22,157.32,155.96,156.46,155.85,"24,782"
"Apr 4, 2024",156.82,157.70,156.50,157.64,157.02,"29,062"
"Apr 3, 2024",156.58,157.72,156.16,157.54,156.92,"36,673"
"Apr 2, 2024",158.28,158.56,156.30,157.08,156.46,"49,928"
"Mar 28, 2024",160.30,160.40,157.98,158.56,157.94,"41,151"
"Mar 27, 2024",156.90,160.02,156.82,159.20,158.58,"52,457"
"Mar 26, 2024",157.74,158.22,155.88,158.00,157.38,"62,632"
"Mar 25, 2024",158.98,159.40,156.46,157.62,157.00,"50,984"
"Mar 22, 2024",158.22,159.84,157.16,159.34,158.72,"71,819"
"Mar 21, 2024",161.64,162.74,158.16,158.68,158.06,"52,544"
"Mar 20, 2024",161.88,162.78,161.62,162.52,161.88,"35,610"
"Mar 19, 2024",160.30,161.56,159.56,161.36,160.73,"48,287"
"Mar 18, 2024",159.08,163.22,158.16,161.28,160.65,"110,054"
"Mar 15, 2024",159.28,159.90,156.30,157.30,156.68,"79,875"
"Mar 14, 2024",156.90,159.96,156.86,158.36,157.74,"53,973"
"Mar 13, 2024",158.42,158.60,156.14,156.20,155.59,"72,527"
"Mar 12, 2024",158.94,159.36,156.88,158.02,157.40,"59,513"
"Mar 11, 2024",156.62,159.60,156.00,158.14,157.52,"84,619"
"Mar 8, 2024",154.76,157.12,154.24,157.12,156.50,"56,205"
"Mar 7, 2024",153.40,156.28,153.32,154.76,154.15,"86,239"
"Mar 6, 2024",157.00,157.74,155.22,155.46,154.85,"92,310"
"Mar 5, 2024",159.10,159.80,156.16,156.66,156.05,"128,792"
"Mar 4, 2024",164.52,165.46,160.12,160.94,160.31,"148,787"
"Mar 1, 2024",167.52,167.60,163.94,164.46,163.82,"128,744"
"Feb 29, 2024",166.80,168.28,166.20,166.70,166.05,"55,070"
"Feb 28, 2024",168.86,169.34,167.10,167.38,166.72,"51,692"
"Feb 27, 2024",166.88,167.50,166.38,166.66,166.01,"33,020"
"Feb 26, 2024",168.04,168.36,166.62,166.86,166.21,"37,913"
"Feb 23, 2024",169.74,171.02,168.88,169.16,168.50,"37,951"
"Feb 22, 2024",169.04,170.28,168.68,169.34,168.68,"51,159"
"Feb 21, 2024",167.72,169.12,167.54,168.32,167.66,"44,394"
"Feb 20, 2024",168.06,168.76,166.50,167.28,166.62,"68,800"
"Feb 19, 2024",168.48,168.76,168.02,168.50,167.84,"47,086"
"Feb 16, 2024",171.16,172.16,169.12,169.80,169.13,"48,169"
"Feb 15, 2024",170.26,170.84,168.32,169.26,168.60,"57,433"
"Feb 14, 2024",173.28,173.66,170.58,171.14,170.47,"35,426"
"Feb 13, 2024",173.32,173.78,171.86,172.98,172.30,"73,612"
"Feb 12, 2024",174.56,176.18,174.16,174.48,173.80,"55,147"
"Feb 9, 2024",174.66,176.00,174.54,175.76,175.07,"37,458"
"Feb 8, 2024",175.02,176.26,174.30,174.96,174.04,"27,111"
"Feb 7, 2024",175.80,177.30,175.28,175.52,174.59,"62,276"
"Feb 6, 2024",175.20,175.70,174.00,175.68,174.75,"41,316"
"Feb 5, 2024",172.06,175.40,171.52,174.46,173.54,"74,081"
"Feb 2, 2024",167.70,173.46,166.00,172.88,171.97,"161,750"
"Feb 1, 2024",172.20,172.44,170.00,171.24,170.33,"45,338"
"Jan 31, 2024",172.50,173.36,169.90,171.02,170.12,"65,131"
"Jan 30, 2024",176.16,176.66,173.34,174.22,173.30,"62,707"
"Jan 29, 2024",177.10,178.04,175.50,176.40,175.47,"47,387"
"Jan 26, 2024",178.40,179.30,178.06,178.90,177.95,"50,261"
"Jan 25, 2024",178.38,180.72,177.52,180.68,179.73,"60,306"
"Jan 24, 2024",179.44,180.16,178.50,179.26,178.31,"55,557"
"Jan 23, 2024",177.50,180.10,177.30,179.30,178.35,"80,575"
"Jan 22, 2024",176.10,179.34,175.96,177.86,176.92,"62,700"
"Jan 19, 2024",174.26,175.00,173.34,174.22,173.30,"125,792"
"Jan 18, 2024",167.68,173.76,167.24,173.32,172.40,"92,651"
"Jan 17, 2024",167.52,167.78,166.06,167.60,166.71,"40,803"
"Jan 16, 2024",168.72,169.34,166.48,168.72,167.83,"41,114"
"Jan 15, 2024",169.30,169.42,168.02,168.62,167.73,"38,948"
"Jan 12, 2024",169.00,170.10,168.56,169.38,168.48,"28,548"
"Jan 11, 2024",170.24,170.76,167.94,168.20,167.31,"39,506"
"Jan 10, 2024",168.82,169.34,168.12,168.24,167.35,"47,506"
"Jan 9, 2024",169.00,169.42,167.00,168.74,167.85,"54,470"
"Jan 8, 2024",164.90,167.76,164.58,167.30,166.42,"107,457"
"Jan 5, 2024",165.78,166.94,165.06,166.16,165.28,"84,049"
"Jan 4, 2024",168.54,168.98,164.94,166.20,165.32,"100,218"
"Jan 3, 2024",169.30,170.28,168.14,168.74,167.85,"59,200"
"Jan 2, 2024",173.28,173.28,169.12,170.64,169.74,"91,369"
"Dec 29, 2023",174.98,175.54,174.80,175.22,174.29,"38,076"
"Dec 28, 2023",174.04,175.48,173.92,175.14,174.21,"35,271"
"Dec 27, 2023",174.90,174.90,171.90,172.54,171.63,"48,803"
"Dec 22, 2023",176.42,177.10,176.10,176.26,175.33,"30,626"
"Dec 21, 2023",178.52,179.24,176.88,177.34,176.40,"53,596"
"Dec 20, 2023",179.12,180.22,178.40,179.74,178.79,"50,359"
"Dec 19, 2023",178.80,179.66,178.50,179.14,178.19,"53,116"
"Dec 18, 2023",180.40,180.70,177.92,178.48,177.54,"60,640"
"Dec 15, 2023",180.42,181.74,180.16,181.28,180.32,"38,815"
"Dec 14, 2023",182.30,182.52,180.14,180.14,179.19,"45,661"
"Dec 13, 2023",180.42,182.30,180.32,181.88,180.92,"85,109"
"Dec 12, 2023",179.20,179.40,177.92,179.26,178.31,"54,151"
"Dec 11, 2023",180.86,181.52,178.22,178.42,177.48,"73,050"
"Dec 8, 2023",179.68,181.16,179.68,181.12,180.16,"45,491"
"Dec 7, 2023",178.26,180.88,177.96,180.28,179.33,"59,735"
"Dec 6, 2023",179.50,180.22,178.08,178.78,177.84,"53,574"
"Dec 5, 2023",174.00,179.80,173.56,179.34,178.39,"85,624"
"Dec 4, 2023",175.28,175.54,173.34,173.66,172.74,"55,865"
"Dec 1, 2023",174.50,175.88,173.98,175.56,174.63,"59,607"
"Nov 30, 2023",173.20,174.36,172.66,172.74,171.83,"41,493"
"Nov 29, 2023",173.02,174.80,172.72,173.34,172.42,"45,795"
"Nov 28, 2023",173.38,173.72,172.54,173.72,172.80,"43,658"
"Nov 27, 2023",172.70,174.14,172.70,173.50,172.58,"35,514"
"Nov 24, 2023",174.90,175.28,173.04,173.36,172.44,"37,312"
"Nov 23, 2023",175.46,175.80,174.82,174.94,174.02,"28,743"
"Nov 22, 2023",174.30,177.20,174.22,176.20,175.27,"99,860"
"Nov 21, 2023",174.70,174.92,173.48,173.70,172.78,"41,092"
"Nov 20, 2023",173.64,175.28,173.02,174.76,173.84,"72,707"
"Nov 17, 2023",175.10,175.42,173.46,173.74,172.82,"68,489"
"Nov 16, 2023",173.78,175.58,173.12,174.04,173.12,"55,460"
"Nov 15, 2023",172.80,174.40,172.52,174.20,173.28,"45,075"
"Nov 14, 2023",172.68,174.24,172.02,172.02,171.11,"69,029"
"Nov 13, 2023",173.50,174.64,172.48,172.86,171.95,"68,253"
"Nov 10, 2023",170.76,173.28,170.32,173.04,172.13,"74,872"
"Nov 9, 2023",170.42,171.72,170.08,171.42,170.28,"46,255"
"Nov 8, 2023",170.06,171.62,170.00,170.12,168.98,"50,734"
"Nov 7, 2023",166.76,169.90,166.72,169.70,168.57,"70,118"
"Nov 6, 2023",164.52,167.04,163.92,166.46,165.35,"69,634"
"Nov 3, 2023",162.00,164.48,161.16,164.12,163.02,"92,815"
"Nov 2, 2023",164.98,166.94,164.58,166.70,165.59,"95,539"
"Nov 1, 2023",161.40,163.26,160.94,163.26,162.17,"40,441"
"Oct 31, 2023",159.46,160.72,158.44,160.72,159.65,"59,981"
"Oct 30, 2023",159.78,161.42,158.82,159.90,158.83,"48,459"
"Oct 27, 2023",158.56,159.54,157.70,158.92,157.86,"64,673"
"Oct 26, 2023",160.00,162.38,158.54,158.94,157.88,"110,172"
"Oct 25, 2023",162.98,163.54,161.60,162.84,161.75,"53,876"
"Oct 24, 2023",162.52,163.42,162.00,162.84,161.75,"39,460"
"Oct 23, 2023",163.64,163.64,160.30,162.26,161.18,"74,208"
"Oct 20, 2023",165.00,165.94,163.00,163.06,161.97,"70,732"
"Oct 19, 2023",166.86,167.70,165.88,166.72,165.61,"46,778"
"Oct 18, 2023",166.70,168.22,166.10,167.96,166.84,"57,216"
"Oct 17, 2023",169.30,169.40,165.80,167.64,166.52,"44,184"
"Oct 16, 2023",170.18,170.18,166.92,169.30,168.17,"102,138"
"Oct 13, 2023",171.68,172.84,170.50,170.54,169.40,"50,267"
"Oct 12, 2023",169.36,172.68,169.34,172.18,171.03,"66,687"
"Oct 11, 2023",168.50,168.86,167.20,168.24,167.12,"43,452"
"Oct 10, 2023",168.80,169.60,168.00,169.18,168.05,"52,927"
"Oct 9, 2023",166.84,168.06,166.56,167.96,166.84,"93,197"
"Oct 6, 2023",165.64,166.46,164.40,166.10,"164.99,-"
"Oct 5, 2023",164.76,165.56,164.14,164.76,163.66,"38,191"
"Oct 4, 2023",162.20,165.20,161.60,164.24,163.14,"72,414"
"Oct 3, 2023",165.72,165.92,163.24,163.94,162.85,"42,508"
"Oct 2, 2023",163.40,165.86,162.34,165.50,164.39,"157,027"
"Sep 29, 2023",161.82,163.52,161.82,162.58,161.49,"78,583"
"Sep 28, 2023",162.32,162.36,158.94,161.38,160.30,"72,893"
"Sep 27, 2023",163.38,164.22,162.02,162.48,161.39,"31,602"
"Sep 26, 2023",166.00,166.00,162.92,163.40,162.31,"46,942"
"Sep 25, 2023",164.42,166.72,163.66,166.36,165.25,"37,386"
"Sep 22, 2023",163.64,165.64,163.46,165.46,164.36,"55,789"
"Sep 21, 2023",164.16,165.40,163.18,164.26,163.16,"55,687"
"Sep 20, 2023",167.46,167.74,165.00,165.30,164.20,"44,188"
"Sep 19, 2023",166.88,167.44,165.74,166.36,165.25,"52,771"
"Sep 18, 2023",164.82,167.70,163.74,166.36,165.25,"66,349"
"Sep 15, 2023",165.60,166.50,163.56,163.82,162.73,"71,114"
"Sep 14, 2023",162.62,164.72,162.32,164.34,163.24,"59,051"
"Sep 13, 2023",164.00,165.12,162.20,163.24,162.15,"151,224"
"Sep 12, 2023",167.68,168.08,164.34,164.96,163.86,"80,257"
"Sep 11, 2023",167.48,168.58,164.96,166.20,"165.09,-"
"Sep 8, 2023",166.90,168.22,165.48,168.04,166.92,"77,227"
"Sep 7, 2023",168.36,168.70,162.36,165.88,164.77,"156,824"
"Sep 6, 2023",175.88,176.00,171.50,171.86,170.71,"80,920"
"Sep 5, 2023",175.62,177.00,174.20,176.52,175.34,"82,194"
"Sep 4, 2023",175.88,176.38,175.08,175.30,174.13,"35,602"
"Sep 1, 2023",173.68,174.98,173.34,174.96,173.79,"51,477"
"Aug 31, 2023",171.82,174.02,171.82,173.62,172.46,"61,595"
"Aug 30, 2023",169.80,171.50,168.56,170.96,169.82,"60,593"
"Aug 29, 2023",167.20,168.96,166.36,168.96,167.83,"44,683"
"Aug 28, 2023",165.44,166.78,165.00,165.58,164.47,"42,997"
"Aug 25, 2023",163.24,164.68,163.20,164.46,163.36,"46,400"
"Aug 24, 2023",168.38,168.78,163.88,164.38,163.28,"93,291"
"Aug 23, 2023",163.90,167.10,163.82,166.68,165.57,"67,232"
"Aug 22, 2023",161.20,163.56,161.04,163.20,162.11,"86,577"
"Aug 21, 2023",160.24,161.12,159.68,159.94,158.87,"61,303"
"Aug 18, 2023",159.60,160.04,158.26,159.64,158.57,"84,816"
"Aug 17, 2023",162.06,162.74,159.66,160.26,159.19,"79,119"
"Aug 16, 2023",162.80,163.50,162.10,163.00,161.91,"66,517"
"Aug 15, 2023",164.70,164.82,162.26,163.12,162.03,"30,512"
"Aug 14, 2023",162.28,164.74,162.26,164.06,162.96,"67,118"
"Aug 11, 2023",162.20,162.68,161.20,161.90,160.82,"47,811"
"Aug 10, 2023",163.06,163.70,162.00,162.76,161.43,"69,743"
"Aug 9, 2023",164.90,165.34,161.26,161.58,160.26,"86,689"
"Aug 8, 2023",162.02,164.22,161.92,162.56,161.24,"91,164"
"Aug 7, 2023",166.94,167.22,161.44,161.62,160.30,"165,141"
"Aug 4, 2023",171.54,172.54,164.00,167.70,166.33,"187,257"
"Aug 3, 2023",176.14,176.14,174.60,175.44,174.01,"86,913"
"Aug 2, 2023",176.76,177.92,175.84,176.44,175.00,"69,969"
"Aug 1, 2023",178.98,179.28,178.12,178.78,177.32,"48,968"
"Jul 31, 2023",177.90,178.40,176.84,177.80,176.35,"56,219"
"Jul 28, 2023",176.80,178.18,176.70,177.98,176.53,"39,348"
"Jul 27, 2023",176.28,179.32,175.86,178.46,177.01,"60,167"
"Jul 26, 2023",175.10,175.94,174.42,175.54,174.11,"42,010"
"Jul 25, 2023",174.70,176.04,174.58,175.58,174.15,"43,897"
"Jul 24, 2023",172.58,175.62,172.30,174.38,172.96,"55,518"
"Jul 21, 2023",173.36,175.00,173.20,174.06,172.64,"48,441"
"Jul 20, 2023",172.98,175.60,172.42,174.88,173.46,"65,358"
"Jul 19, 2023",172.52,172.80,171.76,172.72,171.31,"29,653"
"Jul 18, 2023",172.42,172.60,171.70,171.92,170.52,"40,217"
"Jul 17, 2023",170.04,172.50,169.58,171.76,170.36,"52,891"
"Jul 14, 2023",169.92,170.28,168.90,169.42,168.04,"59,323"
"Jul 13, 2023",170.78,171.58,169.64,169.94,168.56,"41,793"
"Jul 12, 2023",170.88,172.82,170.32,170.32,168.93,"45,595"
"Jul 11, 2023",171.80,172.72,170.74,170.74,169.35,"40,291"
"Jul 10, 2023",172.90,173.72,170.70,171.24,169.85,"67,832"
"Jul 7, 2023",176.08,176.36,173.94,174.64,173.22,"62,941"
"Jul 6, 2023",175.54,175.54,173.84,175.16,173.73,"64,105"
"Jul 5, 2023",176.20,177.20,175.28,176.00,174.57,"57,293"
"Jul 4, 2023",176.14,176.78,176.12,176.58,175.14,"28,889"
"Jul 3, 2023",178.08,178.70,175.88,176.22,174.79,"95,143"
"Jun 30, 2023",175.00,176.70,175.00,176.18,174.75,"68,322"
"Jun 29, 2023",173.42,174.88,173.04,174.38,172.96,"54,481"
"Jun 28, 2023",171.40,173.62,171.32,173.52,172.11,"85,667"
"Jun 27, 2023",169.76,170.64,169.30,170.54,169.15,"44,450"
"Jun 26, 2023",171.52,172.26,170.68,171.28,169.89,"61,510"
"Jun 23, 2023",170.42,171.54,169.96,170.98,169.59,"66,184"
"Jun 22, 2023",166.58,170.30,166.48,169.92,168.54,"57,466"
"Jun 21, 2023",169.36,169.78,166.82,167.46,166.10,"35,020"
"Jun 20, 2023",168.28,170.42,168.08,169.78,168.40,"87,596"
"Jun 19, 2023",169.44,169.82,168.52,168.70,167.33,"32,352"
"Jun 16, 2023",169.70,171.00,168.90,169.68,168.30,"69,903"
"Jun 15, 2023",170.20,170.26,168.36,170.04,168.66,"78,151"
"Jun 14, 2023",169.76,170.32,168.94,169.94,168.56,"73,365"
"Jun 13, 2023",169.20,170.32,168.46,169.82,168.44,"92,147"
"Jun 12, 2023",168.98,169.56,168.14,169.56,168.18,"69,104"
"Jun 9, 2023",167.60,169.18,166.90,168.56,167.19,"56,379"
"Jun 8, 2023",165.46,166.56,164.86,166.36,165.01,"60,638"
"Jun 7, 2023",167.30,168.86,166.24,167.34,165.98,"76,080"
"Jun 6, 2023",167.64,168.86,166.24,166.52,165.16,"169,417"
"Jun 5, 2023",169.02,172.14,168.94,172.00,170.60,"117,305"
"Jun 2, 2023",167.96,168.68,167.14,168.26,166.89,"76,090"
"Jun 1, 2023",166.60,167.30,165.08,166.92,165.56,"66,784"
"May 31, 2023",165.38,168.10,165.28,167.38,166.02,"64,025"
"May 30, 2023",164.90,166.80,164.40,165.32,163.97,"124,026"
"May 29, 2023",164.78,164.78,164.00,164.40,163.06,"38,936"
"May 26, 2023",161.30,164.04,160.70,163.64,162.31,"56,245"
"May 25, 2023",159.48,161.54,159.10,160.54,159.23,"123,599"
"May 24, 2023",159.06,159.78,157.64,159.02,157.73,"106,977"
"May 23, 2023",161.40,161.88,160.06,160.44,159.13,"45,595"
"May 22, 2023",162.22,162.52,159.66,161.44,160.13,"88,383"
"May 19, 2023",162.42,163.38,162.26,162.26,160.94,"77,750"
"May 18, 2023",159.26,162.28,159.26,162.04,160.72,"76,971"
"May 17, 2023",158.32,159.12,157.40,157.80,156.52,"62,976"
"May 16, 2023",158.02,159.06,157.58,158.46,157.17,"47,630"
"May 15, 2023",159.46,159.72,157.68,158.50,157.21,"48,975"
"May 12, 2023",158.84,159.80,158.48,158.80,157.51,"38,145"
"May 11, 2023",158.62,159.36,157.94,159.02,157.49,"56,186"
"May 10, 2023",156.74,158.40,155.90,158.12,156.60,"98,631"
"May 9, 2023",157.48,158.42,157.10,157.44,155.92,"36,312"
"May 8, 2023",157.20,157.62,155.98,157.32,155.80,"67,945"
"May 5, 2023",153.58,158.32,153.52,157.90,156.38,"112,137"
"May 4, 2023",150.40,151.64,148.78,150.90,149.45,"105,431"
"May 3, 2023",153.04,154.82,152.76,153.44,151.96,"54,310"
"May 2, 2023",154.52,155.50,152.70,152.76,151.29,"90,027"
"Apr 28, 2023",152.50,154.22,152.12,152.64,151.17,"73,184"
"Apr 27, 2023",148.86,151.40,148.64,151.26,149.80,"64,724"
"Apr 26, 2023",149.78,149.78,146.92,148.90,147.46,"65,552"
"Apr 25, 2023",149.14,151.10,148.88,150.26,148.81,"23,541"
"Apr 24, 2023",149.52,150.16,148.68,149.06,147.62,"34,496"
"Apr 21, 2023",151.86,152.14,148.64,150.42,148.97,"82,538"
"Apr 20, 2023",152.02,152.58,151.08,152.18,150.71,"60,650"
"Apr 19, 2023",151.14,152.76,150.72,152.58,151.11,"38,215"
"Apr 18, 2023",150.72,152.64,150.50,151.52,150.06,"46,749"
"Apr 17, 2023",150.46,151.74,150.06,150.68,149.23,"93,264"
"Apr 14, 2023",148.92,150.92,148.58,150.14,148.69,"53,791"
"Apr 13, 2023",145.92,148.04,145.60,147.76,146.34,"67,639"
"Apr 12, 2023",146.84,147.80,146.08,146.60,145.19,"35,606"
"Apr 11, 2023",148.80,149.08,147.00,147.32,145.90,"49,161"
"Apr 6, 2023",150.04,150.40,146.68,150.22,148.77,"79,349"
"Apr 5, 2023",151.40,151.56,149.60,149.64,148.20,"171,760"
"Apr 4, 2023",152.04,153.04,151.26,151.70,150.24,"59,399"
"Apr 3, 2023",151.96,152.48,150.72,151.24,149.78,"93,194"
"Mar 31, 2023",148.84,150.20,148.68,150.04,148.59,"64,453"
"Mar 30, 2023",148.20,148.84,147.44,148.68,147.25,"64,996"
"Mar 29, 2023",145.96,147.74,145.96,147.50,146.08,"57,737"
"Mar 28, 2023",146.66,146.66,144.00,144.50,143.11,"49,775"
"Mar 27, 2023",148.92,149.02,147.80,147.80,146.38,"54,998"
"Mar 24, 2023",147.42,148.22,146.78,147.50,146.08,"67,430"
"Mar 23, 2023",146.30,148.30,145.76,147.68,146.26,"66,586"
"Mar 22, 2023",147.40,148.72,146.72,147.92,146.49,"69,799"
"Mar 21, 2023",146.78,146.86,145.36,146.72,145.31,"59,854"
"Mar 20, 2023",144.52,146.32,143.78,145.50,144.10,"113,808"
"Mar 17, 2023",146.44,147.40,145.12,145.66,144.26,"68,126"
"Mar 16, 2023",144.28,146.32,143.50,145.68,144.28,"70,416"
"Mar 15, 2023",142.10,144.14,141.38,143.34,141.96,"95,631"
"Mar 14, 2023",141.10,142.94,140.00,142.66,141.28,"59,364"
"Mar 13, 2023",140.36,142.78,136.90,141.52,140.16,"120,521"
"Mar 10, 2023",141.70,143.02,139.50,141.38,140.02,"120,075"
"Mar 9, 2023",144.26,146.08,143.72,145.70,144.30,"53,645"
"Mar 8, 2023",143.80,145.02,143.72,144.44,143.05,"41,521"
"Mar 7, 2023",144.42,144.90,143.32,144.10,142.71,"63,576"
"Mar 6, 2023",142.74,146.04,142.66,145.70,144.30,"163,377"
"Mar 3, 2023",137.28,141.48,137.28,140.90,139.54,"79,476"
"Mar 2, 2023",135.20,136.48,135.16,136.02,134.71,"53,443"
"Mar 1, 2023",139.78,139.80,136.46,136.74,135.42,"56,400"
"Feb 28, 2023",139.02,139.62,138.24,139.38,138.04,"42,684"
"Feb 27, 2023",139.28,140.62,139.00,139.44,138.10,"40,539"
"Feb 24, 2023",140.38,140.48,138.26,138.56,137.22,"36,485"
"Feb 23, 2023",140.50,141.68,139.38,139.56,138.21,"40,014"
"Feb 22, 2023",139.52,140.38,138.28,139.52,138.18,"48,810"
"Feb 21, 2023",142.10,142.24,139.94,140.18,138.83,"51,010"
"Feb 20, 2023",142.92,143.10,142.00,142.64,141.26,"39,736"
"Feb 17, 2023",143.26,144.00,142.08,142.08,140.71,"47,828"
"Feb 16, 2023",145.48,145.58,143.30,145.30,143.90,"62,567"
"Feb 15, 2023",142.46,144.96,142.14,144.96,143.56,"53,227"
"Feb 14, 2023",143.10,143.60,140.64,141.20,139.84,"69,041"
"Feb 13, 2023",140.82,142.94,140.60,142.86,141.48,"53,958"
"Feb 10, 2023",140.48,141.34,139.00,140.68,139.32,"70,966"
"Feb 9, 2023",142.22,143.06,141.72,142.34,140.74,"56,598"
"Feb 8, 2023",143.94,144.00,141.60,141.64,140.05,"90,018"
"Feb 7, 2023",141.78,143.38,140.62,143.38,141.77,"55,903"
"Feb 6, 2023",142.36,142.54,140.64,142.30,140.70,"104,363"
"Feb 3, 2023",133.00,144.94,132.52,144.94,143.31,"335,305"
"Feb 2, 2023",132.80,137.76,132.80,137.76,136.21,"174,695"
"Feb 1, 2023",132.50,132.94,130.42,130.92,129.45,"76,175"
"Jan 31, 2023",131.88,132.48,130.70,132.10,130.62,"68,627"
"Jan 30, 2023",133.58,133.58,131.80,132.68,131.19,"67,554"
"Jan 27, 2023",131.18,131.18,131.18,131.18,"129.71,-"
"Jan 26, 2023",130.58,132.32,130.00,131.18,129.71,"67,071"
"Jan 25, 2023",130.40,130.66,127.42,128.54,127.10,"75,903"
"Jan 24, 2023",130.00,130.92,128.58,130.46,128.99,"100,399"
"Jan 23, 2023",126.60,131.36,125.90,131.08,129.61,"98,612"
"Jan 20, 2023",125.32,125.98,124.20,124.92,123.52,"82,001"
"Jan 19, 2023",124.78,125.36,123.26,124.30,122.90,"56,218"
"Jan 18, 2023",126.10,127.62,124.88,126.00,124.58,"97,728"
"Jan 17, 2023",124.10,126.88,123.50,125.82,124.41,"104,136"
"Jan 16, 2023",124.74,124.76,123.24,124.30,122.90,"79,394"
"Jan 13, 2023",122.62,123.74,121.94,123.04,121.66,"72,232"
"Jan 12, 2023",123.96,124.82,121.00,122.34,120.96,"169,776"
"Jan 11, 2023",121.20,122.60,121.20,122.46,121.08,"114,520"
"Jan 10, 2023",121.10,121.96,119.54,120.14,118.79,"83,359"
"Jan 9, 2023",121.74,124.04,121.16,123.60,122.21,"83,756"
"Jan 6, 2023",119.44,120.72,118.48,120.32,118.97,"90,917"
"Jan 5, 2023",119.78,121.14,118.50,120.26,118.91,"99,940"
"Jan 4, 2023",118.80,120.62,118.18,120.62,119.26,"177,588"
"Jan 3, 2023",123.10,124.72,118.36,118.52,117.19,"184,794"
"Jan 2, 2023",122.28,124.48,122.24,123.86,122.47,"117,134"
"Dec 30, 2022",121.02,121.20,120.16,120.16,118.81,"35,169"
"Dec 29, 2022",119.02,121.94,118.82,121.92,120.55,"56,807"
"Dec 28, 2022",122.06,122.80,119.54,119.54,118.20,"63,313"
"Dec 27, 2022",124.58,124.98,121.12,121.74,120.37,"45,346"
"Dec 23, 2022",124.12,125.44,122.22,123.56,122.17,"67,248"
"Dec 22, 2022",127.26,127.98,123.78,124.30,122.90,"57,261"
"Dec 21, 2022",125.42,128.88,124.92,128.24,126.80,"80,796"
"Dec 20, 2022",123.82,125.12,122.44,123.62,122.23,"91,502"
"Dec 19, 2022",126.98,127.92,124.18,124.40,123.00,"91,262"
"Dec 16, 2022",128.46,129.10,126.70,127.46,126.03,"89,504"
"Dec 15, 2022",134.08,134.08,129.60,129.82,128.36,"92,875"
"Dec 14, 2022",136.54,137.72,135.90,136.92,135.38,"60,049"
"Dec 13, 2022",136.92,141.42,136.92,138.80,137.24,"77,004"
"Dec 12, 2022",135.02,135.38,133.98,134.70,133.19,"45,658"
"Dec 9, 2022",135.76,137.18,133.98,136.96,135.42,"101,492"
"Dec 8, 2022",134.08,136.00,133.98,135.22,133.70,"59,250"
"Dec 7, 2022",135.50,136.00,133.40,134.08,132.57,"67,248"
"Dec 6, 2022",139.98,140.48,136.90,137.72,136.17,"24,687"
"Dec 5, 2022",139.68,142.74,139.44,139.46,137.89,"38,072"
"Dec 2, 2022",140.20,141.12,138.88,139.48,137.91,"19,704"
"Dec 1, 2022",142.08,142.24,139.80,140.84,139.26,"51,639"
"Nov 30, 2022",136.52,137.58,135.50,137.44,135.90,"76,296"
"Nov 29, 2022",140.00,140.32,136.70,137.04,135.50,"68,349"
"Nov 28, 2022",140.42,140.88,138.50,139.70,138.13,"86,368"
"Nov 25, 2022",144.84,145.30,142.00,142.06,140.46,"145,976"
"Nov 24, 2022",145.66,146.02,145.00,145.50,143.86,"39,179"
"Nov 23, 2022",145.18,146.30,144.16,145.82,144.18,"73,237"
"Nov 22, 2022",144.04,144.82,143.26,144.76,143.13,"45,998"
"Nov 21, 2022",146.52,146.98,144.30,144.70,143.07,"35,507"
"Nov 18, 2022",144.64,147.32,144.64,146.36,144.71,"49,632"
"Nov 17, 2022",143.80,144.28,141.24,144.28,142.66,"43,749"
"Nov 16, 2022",145.00,145.00,141.92,142.72,141.12,"83,001"
"Nov 15, 2022",144.18,147.80,143.82,147.04,145.39,"90,986"
"Nov 14, 2022",144.38,144.80,142.74,143.40,141.79,"57,833"
"Nov 11, 2022",144.98,145.00,140.22,142.52,140.92,"66,391"
"Nov 10, 2022",135.52,141.36,135.48,140.96,139.38,"98,166"
"Nov 9, 2022",139.14,139.34,135.94,136.04,134.51,"61,105"
"Nov 8, 2022",139.00,140.36,137.50,139.36,137.79,"89,202"
"Nov 7, 2022",137.30,138.50,135.86,137.64,136.09,"139,068"
"Nov 4, 2022",142.00,144.50,136.02,137.28,135.74,"183,446"
"Nov 3, 2022",147.62,147.94,142.76,143.66,141.82,"89,279"
"Nov 2, 2022",152.42,152.48,149.84,150.62,148.69,"67,332"
"Nov 1, 2022",155.48,156.52,151.24,152.06,150.11,"61,434"
"Oct 31, 2022",155.98,156.14,153.58,155.32,153.33,"79,584"
"Oct 28, 2022",145.66,157.34,145.26,156.36,154.35,"209,081"
"Oct 27, 2022",148.52,148.82,145.60,146.64,144.76,"110,822"
"Oct 26, 2022",151.28,151.64,149.32,150.20,148.27,"124,353"
"Oct 25, 2022",151.44,152.20,150.40,152.20,150.25,"46,705"
"Oct 24, 2022",150.00,150.68,148.20,149.76,147.84,"70,477"
"Oct 21, 2022",146.22,148.14,145.34,147.52,145.63,"106,326"
"Oct 20, 2022",145.86,148.38,145.28,148.06,146.16,"55,807"
"Oct 19, 2022",146.86,147.90,144.56,146.72,144.84,"103,900"
"Oct 18, 2022",146.54,148.62,145.88,146.08,144.21,"104,547"
"Oct 17, 2022",143.48,145.60,143.12,143.88,142.04,"70,459"
"Oct 14, 2022",146.84,148.12,143.24,143.62,141.78,"83,268"
"Oct 13, 2022",142.52,143.76,138.74,143.28,141.44,"95,805"
"Oct 12, 2022",144.12,144.76,142.96,143.76,141.92,"77,787"
"Oct 11, 2022",143.60,144.36,142.72,143.86,142.02,"94,251"
"Oct 10, 2022",143.10,144.98,142.92,144.54,142.69,"56,169"
"Oct 7, 2022",148.02,148.34,144.22,144.38,142.53,"86,686"
"Oct 6, 2022",147.90,150.14,146.70,149.02,147.11,"84,885"
"Oct 5, 2022",145.74,147.18,145.26,146.28,144.40,"57,532"
"Oct 4, 2022",146.38,147.24,145.52,145.92,144.05,"96,863"
"Oct 3, 2022",140.60,144.06,139.02,142.96,141.13,"87,155"
"Sep 30, 2022",145.52,146.82,144.20,145.50,143.63,"95,921"
"Sep 29, 2022",153.20,153.64,145.82,146.34,144.46,"135,685"
"Sep 28, 2022",155.78,155.78,150.54,152.12,150.17,"265,491"
"Sep 27, 2022",158.18,160.38,157.76,157.92,155.89,"50,828"
"Sep 26, 2022",154.40,159.00,154.40,157.70,155.68,"89,249"
"Sep 23, 2022",154.74,155.98,153.40,154.32,152.34,"70,506"
"Sep 22, 2022",155.00,156.60,153.74,154.34,152.36,"89,527"
"Sep 21, 2022",157.74,159.82,157.28,158.28,156.25,"74,679"
"Sep 20, 2022",154.40,157.00,153.32,156.66,154.65,"57,599"
"Sep 19, 2022",149.84,152.58,149.06,151.72,149.77,"77,673"
"Sep 16, 2022",150.92,152.28,148.46,149.10,147.19,"57,813"
"Sep 15, 2022",156.30,156.34,151.94,152.80,150.84,"37,619"
"Sep 14, 2022",155.00,157.04,153.38,155.98,153.98,"62,848"
"Sep 13, 2022",161.60,162.38,156.28,156.40,154.39,"75,022"
"Sep 12, 2022",156.16,160.60,155.20,160.60,158.54,"63,035"
"Sep 9, 2022",154.58,156.50,153.76,156.50,154.49,"109,621"
"Sep 8, 2022",156.40,156.76,154.24,156.68,154.67,"32,072"
"Sep 7, 2022",156.26,157.18,154.80,155.44,153.45,"52,139"
"Sep 6, 2022",157.60,158.64,155.60,157.20,155.18,"57,864"
"Sep 5, 2022",157.50,157.64,156.38,156.90,154.89,"47,698"
"Sep 2, 2022",158.22,160.20,157.52,159.42,157.38,"34,047"
"Sep 1, 2022",155.42,158.06,155.02,157.00,154.99,"154,868"
"Aug 31, 2022",159.68,160.66,157.70,158.22,156.19,"75,382"
"Aug 30, 2022",162.50,163.00,158.44,158.98,156.94,"65,924"
"Aug 29, 2022",167.08,167.08,167.08,167.08,"164.94,-"
"Aug 26, 2022",170.60,170.72,166.44,167.08,164.94,"45,832"
"Aug 25, 2022",169.00,170.38,168.64,169.42,167.25,"30,476"
"Aug 24, 2022",167.58,169.62,166.54,167.60,165.45,"42,999"
"Aug 23, 2022",168.02,169.48,166.94,167.60,165.45,"46,933"
"Aug 22, 2022",169.38,170.08,168.28,169.64,167.46,"85,861"
"Aug 19, 2022",171.70,172.66,170.96,171.24,169.04,"59,553"
"Aug 18, 2022",170.76,172.32,170.40,172.32,170.11,"49,518"
"Aug 17, 2022",170.56,171.36,169.40,170.76,168.57,"68,496"
"Aug 16, 2022",170.10,171.02,168.72,169.92,167.74,"62,416"
"Aug 15, 2022",167.60,169.46,166.90,169.46,167.29,"47,677"
"Aug 12, 2022",164.18,166.86,163.64,166.76,164.62,"73,193"
"Aug 11, 2022",164.46,165.02,163.56,164.30,162.19,"56,781"
"Aug 10, 2022",160.60,163.28,160.60,162.32,160.24,"55,251"
"Aug 9, 2022",161.98,162.00,159.82,161.66,159.59,"43,964"
"Aug 8, 2022",162.78,164.50,162.44,162.70,160.61,"118,876"
"Aug 5, 2022",162.46,162.92,160.34,161.30,159.23,"74,783"
"Aug 4, 2022",163.16,163.94,160.88,161.44,159.14,"74,872"
"Aug 3, 2022",157.72,162.58,157.00,162.18,159.87,"73,936"
"Aug 2, 2022",157.30,158.44,155.92,157.82,155.57,"75,071"
"Aug 1, 2022",158.80,159.26,156.86,158.70,156.44,"71,903"
"Jul 29, 2022",158.00,160.86,157.10,157.98,155.73,"237,876"
"Jul 28, 2022",152.92,154.86,152.02,154.08,151.89,"115,551"
"Jul 27, 2022",150.30,153.02,150.16,151.88,149.72,"35,773"
"Jul 26, 2022",149.12,150.70,148.88,149.44,147.31,"62,185"
"Jul 25, 2022",150.74,151.82,149.00,149.98,147.85,"88,224"
"Jul 22, 2022",151.84,153.26,151.12,151.12,148.97,"79,915"
"Jul 21, 2022",149.92,152.00,149.34,151.16,149.01,"74,833"
"Jul 20, 2022",147.70,150.40,147.04,150.40,148.26,"111,427"
"Jul 19, 2022",145.26,146.66,143.36,146.66,144.57,"66,288"
"Jul 18, 2022",149.80,150.00,147.72,148.68,146.56,"92,995"
"Jul 15, 2022",148.66,149.80,147.26,147.64,145.54,"66,478"
"Jul 14, 2022",144.90,145.84,143.40,145.50,143.43,"75,146"
"Jul 13, 2022",146.16,146.72,142.10,143.94,141.89,"104,568"
"Jul 12, 2022",143.90,143.90,143.90,143.90,"141.85,-"
"Jul 11, 2022",143.24,145.10,142.90,143.90,141.85,"75,610"
"Jul 8, 2022",143.32,144.80,142.64,144.70,142.64,"55,259"
"Jul 7, 2022",140.06,143.40,139.94,142.84,140.81,"62,351"
"Jul 6, 2022",137.80,141.10,137.52,138.94,136.96,"85,797"
"Jul 5, 2022",133.60,136.00,133.32,135.02,133.10,"88,339"
"Jul 4, 2022",132.60,132.92,131.88,132.48,130.59,"50,954"
"Jul 1, 2022",129.78,132.82,129.18,131.46,129.59,"143,274"
"Jun 30, 2022",131.00,132.44,128.28,130.40,128.54,"129,834"
"Jun 29, 2022",130.70,134.20,130.06,133.80,131.90,"46,859"
"Jun 28, 2022",134.50,136.04,132.82,132.82,130.93,"51,071"
"Jun 27, 2022",133.58,135.30,133.48,134.40,132.49,"121,065"
"Jun 24, 2022",132.06,133.96,131.88,132.72,130.83,"61,262"
"Jun 23, 2022",127.90,131.20,127.58,130.42,128.56,"79,271"
"Jun 22, 2022",127.70,130.22,126.32,129.04,127.20,"61,889"
"Jun 21, 2022",127.00,129.84,126.34,129.44,127.60,"86,019"
"Jun 20, 2022",125.62,126.50,125.40,126.50,124.70,"83,179"
"Jun 17, 2022",124.12,126.62,123.86,126.38,124.58,"108,373"
"Jun 16, 2022",128.18,128.48,123.92,124.38,122.61,"161,834"
"Jun 15, 2022",127.38,129.32,126.96,128.92,127.09,"89,569"
"Jun 14, 2022",128.04,128.26,125.94,127.22,125.41,"107,539"
"Jun 13, 2022",128.36,129.44,126.60,128.80,126.97,"209,520"
"Jun 10, 2022",135.20,135.44,130.50,130.78,128.92,"153,402"
"Jun 9, 2022",137.94,139.54,137.00,137.36,135.41,"72,728"
"Jun 8, 2022",138.98,139.40,137.92,139.12,137.14,"91,721"
"Jun 7, 2022",136.00,138.52,134.86,137.58,135.62,"88,667"
"Jun 6, 2022",136.88,138.86,136.60,136.88,134.93,"111,235"
"Jun 3, 2022",140.76,140.76,134.74,135.54,133.61,"175,044"
"Jun 2, 2022",139.30,139.30,139.30,139.30,"137.32,-"
"Jun 1, 2022",139.66,141.88,138.36,139.30,137.32,"111,407"
"May 31, 2022",139.84,139.94,137.40,138.44,136.47,"89,394"
"May 30, 2022",132.76,132.76,132.76,132.76,"130.87,-"
"May 27, 2022",132.76,132.76,132.76,132.76,"130.87,-"
"May 26, 2022",130.96,133.40,128.36,132.76,130.87,"131,451"
"May 25, 2022",128.76,128.76,128.76,128.76,"126.93,-"
"May 24, 2022",130.54,132.44,128.18,128.76,126.93,"181,424"
"May 23, 2022",131.74,132.90,129.06,132.70,130.81,"175,383"
"May 20, 2022",131.34,133.00,129.24,130.10,128.25,"145,563"
"May 19, 2022",133.98,134.18,130.50,131.46,129.59,"324,840"
"May 18, 2022",141.58,141.62,136.60,136.98,135.03,"136,320"
"May 17, 2022",140.28,142.02,139.24,141.08,139.07,"162,043"
"May 16, 2022",140.68,141.24,138.62,139.38,137.40,"107,253"
"May 13, 2022",138.40,138.40,138.40,138.40,"136.43,-"
"May 12, 2022",138.70,140.32,134.94,138.40,136.43,"304,827"
"May 11, 2022",147.48,148.54,143.50,144.88,142.82,"154,433"
"May 10, 2022",146.16,148.28,145.10,145.70,143.63,"120,640"
"May 9, 2022",148.12,148.84,144.30,144.68,142.62,"234,066"
"May 6, 2022",151.72,151.72,151.72,151.72,"149.56,-"
"May 5, 2022",155.82,156.48,151.16,151.72,149.33,"115,839"
"May 4, 2022",152.18,153.00,150.90,151.32,148.94,"65,289"
"May 3, 2022",150.54,151.26,148.38,151.00,148.63,"105,986"
"May 2, 2022",150.94,150.94,146.84,148.96,146.62,"147,727"
"Apr 29, 2022",153.10,157.62,150.30,154.02,151.60,"193,091"
"Apr 28, 2022",151.90,154.40,150.76,153.16,150.75,"162,174"
"Apr 27, 2022",148.76,148.76,148.76,148.76,"146.42,-"
"Apr 26, 2022",151.22,152.50,148.62,148.76,146.42,"85,936"
"Apr 25, 2022",149.96,150.88,148.38,149.30,146.95,"175,012"
"Apr 22, 2022",153.58,155.02,152.98,153.50,151.09,"89,637"
"Apr 21, 2022",153.92,153.92,153.92,153.92,"151.50,-"
"Apr 20, 2022",153.78,156.10,153.52,153.92,151.50,"114,765"
"Apr 19, 2022",154.44,155.04,151.84,154.94,152.50,"131,811"
"Apr 14, 2022",156.74,158.16,155.18,155.52,153.07,"79,745"
"Apr 13, 2022",156.20,156.48,154.46,156.22,153.76,"90,216"
"Apr 12, 2022",151.90,156.02,151.42,155.84,153.39,"103,533"
"Apr 11, 2022",155.26,155.96,152.46,153.02,150.61,"101,193"
"Apr 8, 2022",158.72,159.36,156.14,156.98,154.51,"81,189"
"Apr 7, 2022",157.40,158.58,156.46,156.54,154.08,"79,912"
"Apr 6, 2022",160.62,160.72,156.00,156.54,154.08,"127,706"
"Apr 5, 2022",162.30,162.88,160.92,161.44,158.90,"105,225"
"Apr 4, 2022",158.36,162.06,157.20,161.36,158.82,"103,346"
"Apr 1, 2022",159.00,159.00,156.28,156.28,153.82,"133,324"
"Mar 31, 2022",160.30,160.80,158.32,159.08,156.58,"97,720"
"Mar 30, 2022",160.32,161.02,158.96,159.68,157.17,"112,180"
"Mar 29, 2022",159.62,160.26,158.58,160.10,157.58,"170,175"
"Mar 28, 2022",157.60,159.46,155.60,158.40,155.91,"215,464"
"Mar 25, 2022",157.78,159.12,156.88,157.60,155.12,"156,808"
"Mar 24, 2022",155.82,156.84,155.14,155.70,153.25,"131,372"
"Mar 23, 2022",153.24,156.50,152.56,155.96,153.51,"102,186"
"Mar 22, 2022",150.42,153.36,149.78,153.08,150.67,"116,215"
"Mar 21, 2022",147.92,150.54,147.46,149.08,146.74,"152,693"
"Mar 18, 2022",144.32,147.30,144.02,147.12,144.81,"152,033"
"Mar 17, 2022",144.88,144.90,142.36,143.26,141.01,"129,913"
"Mar 16, 2022",143.10,144.14,141.64,143.62,141.36,"189,876"
"Mar 15, 2022",136.50,141.22,135.40,141.04,138.82,"255,894"
"Mar 14, 2022",141.30,141.80,137.90,137.94,135.77,"258,675"
"Mar 11, 2022",144.20,146.68,141.96,141.96,139.73,"244,044"
"Mar 10, 2022",147.00,147.02,142.26,142.28,140.04,"185,257"
"Mar 9, 2022",145.70,147.22,144.46,145.90,143.61,"284,631"
"Mar 8, 2022",146.02,147.26,143.50,143.50,141.24,"232,092"
"Mar 7, 2022",146.42,151.04,146.08,150.42,148.05,"304,862"
"Mar 4, 2022",149.90,151.60,148.50,148.86,146.52,"251,379"
"Mar 3, 2022",150.12,152.04,149.64,150.74,148.37,"135,579"
"Mar 2, 2022",146.42,149.86,146.42,149.40,147.05,"192,344"
"Mar 1, 2022",148.38,149.40,145.94,147.96,145.63,"145,732"
"Feb 28, 2022",144.60,147.14,144.30,147.06,144.75,"200,745"
"Feb 25, 2022",144.38,146.66,143.22,146.18,143.88,"258,736"
"Feb 24, 2022",136.74,142.34,136.08,141.56,139.33,"543,548"
"Feb 23, 2022",145.82,146.60,143.86,144.24,141.97,"96,093"
"Feb 22, 2022",141.50,146.92,141.00,145.18,142.90,"311,342"
"Feb 21, 2022",147.80,148.40,143.60,144.48,142.21,"216,391"
"Feb 18, 2022",149.04,150.28,147.64,148.22,145.89,"125,636"
"Feb 17, 2022",151.10,151.40,150.22,150.74,148.37,"122,415"
"Feb 16, 2022",152.00,152.30,149.72,150.08,147.72,"81,815"
"Feb 15, 2022",149.48,151.78,149.24,151.08,148.70,"196,674"
"Feb 14, 2022",147.20,149.60,145.76,149.54,147.19,"345,351"
"Feb 11, 2022",150.44,151.96,149.88,150.62,148.25,"104,338"
"Feb 10, 2022",154.06,154.30,151.36,151.68,149.29,"112,801"
"Feb 9, 2022",153.98,154.58,153.18,153.68,151.26,"101,988"
"Feb 8, 2022",150.56,152.40,150.00,152.40,150.00,"79,549"
"Feb 7, 2022",151.10,152.12,149.74,150.76,148.39,"105,543"
"Feb 4, 2022",152.42,152.86,148.74,150.34,147.98,"187,708"
"Feb 3, 2022",154.70,154.90,152.10,152.90,150.28,"128,643"
"Feb 2, 2022",155.30,155.44,153.82,154.00,151.36,"109,225"
"Feb 1, 2022",156.04,156.04,153.20,154.92,152.26,"110,336"
"Jan 31, 2022",153.10,155.14,151.66,154.28,151.64,"203,074"
"Jan 28, 2022",150.90,150.98,145.44,150.34,147.76,"222,644"
"Jan 27, 2022",141.60,146.82,140.50,146.10,143.60,"153,919"
"Jan 26, 2022",142.70,145.46,142.16,144.40,141.92,"215,501"
"Jan 25, 2022",140.20,142.16,139.36,140.30,137.90,"161,404"
"Jan 24, 2022",143.62,145.00,139.24,139.60,137.21,"546,590"
"Jan 21, 2022",143.52,146.52,142.80,146.28,143.77,"213,157"
"Jan 20, 2022",146.94,149.54,146.18,149.54,146.98,"83,553"
"Jan 19, 2022",148.00,150.66,147.20,147.86,145.33,"93,959"
"Jan 18, 2022",150.80,151.70,148.88,150.40,147.82,"104,424"
"Jan 17, 2022",151.90,152.42,151.20,151.56,148.96,"45,036"
"Jan 14, 2022",150.70,151.84,148.84,150.94,148.35,"94,752"
"Jan 13, 2022",153.10,153.86,152.28,152.58,149.96,"58,032"
"Jan 12, 2022",154.56,155.20,153.10,154.10,151.46,"80,351"
"Jan 11, 2022",152.10,153.62,150.82,153.26,150.63,"94,113"
"Jan 10, 2022",153.18,153.18,148.60,149.42,146.86,"136,154"
"Jan 7, 2022",152.50,153.68,150.80,151.48,148.88,"113,617"
"Jan 6, 2022",155.00,155.30,152.32,153.08,150.46,"158,370"
"Jan 5, 2022",159.18,159.32,156.94,158.10,155.39,"94,519"
"Jan 4, 2022",161.98,162.52,158.76,159.46,156.73,"139,652"
"Jan 3, 2022",157.90,160.96,156.44,160.54,157.79,"148,672"
"Dec 30, 2021",158.44,159.40,158.40,158.58,155.86,"19,321"
"Dec 29, 2021",159.60,159.74,156.90,158.16,155.45,"68,569"
"Dec 28, 2021",158.98,160.40,158.16,159.06,156.33,"69,224"
"Dec 27, 2021",156.24,157.90,155.48,157.84,155.13,"67,052"
"Dec 23, 2021",155.38,156.10,154.58,155.62,152.95,"72,760"
"Dec 22, 2021",153.24,154.08,152.22,153.64,151.01,"46,792"
"Dec 21, 2021",152.22,152.76,150.00,151.10,148.51,"63,549"
"Dec 20, 2021",149.60,150.24,148.28,149.28,146.72,"186,716"
"Dec 17, 2021",152.50,153.90,149.32,152.36,149.75,"154,840"
"Dec 16, 2021",159.46,160.42,154.14,154.54,151.89,"120,700"
"Dec 15, 2021",154.98,156.04,153.64,153.76,151.12,"81,569"
"Dec 14, 2021",157.78,158.10,152.92,153.50,150.87,"241,595"
"Dec 13, 2021",159.90,161.46,157.42,157.60,154.90,"166,996"
"Dec 10, 2021",154.32,156.50,154.28,155.50,152.83,"114,576"
"Dec 9, 2021",154.78,156.32,153.40,155.22,152.56,"88,732"
"Dec 8, 2021",152.64,154.02,151.22,154.02,151.38,"106,301"
"Dec 7, 2021",146.94,146.94,146.94,146.94,"144.42,-"
"Dec 6, 2021",143.38,148.64,143.30,146.94,144.42,"262,344"
"Dec 3, 2021",144.68,146.16,143.22,143.70,141.24,"166,139"
"Dec 2, 2021",145.18,145.24,139.38,142.56,140.12,"273,993"
"Dec 1, 2021",148.08,150.14,146.46,149.64,147.08,"190,988"
"Nov 30, 2021",140.78,145.14,139.52,144.52,142.04,"134,044"
"Nov 29, 2021",140.38,142.50,139.90,141.60,139.17,"112,373"
"Nov 26, 2021",142.50,142.52,138.66,139.14,136.76,"287,473"
"Nov 25, 2021",144.78,145.00,144.26,144.74,142.26,"26,691"
"Nov 24, 2021",143.86,144.56,142.56,144.28,141.81,"72,284"
"Nov 23, 2021",142.22,143.76,141.46,141.68,139.25,"165,876"
"Nov 22, 2021",142.84,147.24,142.48,146.38,143.87,"99,890"
"Nov 19, 2021",139.24,141.36,138.50,141.14,138.72,"176,596"
"Nov 18, 2021",135.84,136.26,134.98,136.14,133.81,"50,992"
"Nov 17, 2021",133.64,136.64,133.10,136.64,134.30,"93,628"
"Nov 16, 2021",132.02,133.36,131.60,133.34,131.05,"54,805"
"Nov 15, 2021",131.28,132.70,130.94,131.52,129.27,"59,034"
"Nov 12, 2021",129.36,131.06,129.00,130.98,128.74,"71,101"
"Nov 11, 2021",129.20,129.96,129.08,129.46,127.24,"109,384"
"Nov 10, 2021",130.40,130.40,127.94,129.12,126.91,"90,491"
"Nov 9, 2021",129.48,130.56,129.34,130.16,127.93,"101,192"
"Nov 8, 2021",130.60,131.34,129.94,130.04,127.81,"79,272"
"Nov 5, 2021",130.80,131.90,130.32,130.60,128.36,"66,792"
"Nov 4, 2021",131.16,131.90,130.80,131.08,128.62,"66,175"
"Nov 3, 2021",129.80,130.40,129.38,130.04,127.60,"35,771"
"Nov 2, 2021",128.18,130.76,128.00,130.48,128.03,"77,594"
"Nov 1, 2021",129.80,129.80,127.86,128.28,125.87,"122,788"
"Oct 29, 2021",126.02,128.04,125.78,128.04,125.63,"159,569"
"Oct 28, 2021",128.78,131.02,128.44,130.90,128.44,"84,266"
"Oct 27, 2021",129.00,129.26,127.88,128.84,126.42,"66,097"
"Oct 26, 2021",128.98,129.90,128.04,129.00,126.58,"73,543"
"Oct 25, 2021",128.40,128.58,126.96,127.78,125.38,"63,774"
"Oct 22, 2021",128.50,128.94,128.00,128.10,125.69,"75,260"
"Oct 21, 2021",127.80,128.48,127.46,128.12,125.71,"76,375"
"Oct 20, 2021",127.48,128.52,127.46,128.32,125.91,"62,326"
"Oct 19, 2021",126.00,128.04,125.86,127.64,125.24,"59,442"
"Oct 18, 2021",124.40,125.42,123.42,125.38,123.02,"63,560"
"Oct 15, 2021",124.60,124.74,123.80,124.28,121.94,"61,630"
"Oct 14, 2021",122.40,123.54,121.96,123.38,121.06,"60,761"
"Oct 13, 2021",121.24,122.24,120.46,120.46,118.20,"83,242"
"Oct 12, 2021",122.32,124.26,122.32,122.94,120.63,"59,872"
"Oct 11, 2021",122.56,125.00,122.44,124.90,122.55,"48,322"
"Oct 8, 2021",124.72,124.72,123.46,123.72,121.40,"44,022"
"Oct 7, 2021",124.00,124.76,123.64,124.38,122.04,"60,017"
"Oct 6, 2021",121.00,121.70,119.96,121.16,118.88,"129,249"
"Oct 5, 2021",120.38,121.70,119.98,121.64,119.35,"68,398"
"Oct 4, 2021",122.02,122.40,119.44,119.44,117.20,"107,522"
"Oct 1, 2021",121.40,122.54,120.02,120.84,118.57,"78,293"
"Sep 30, 2021",124.18,124.44,122.98,123.14,120.83,"59,658"
"Sep 29, 2021",123.20,124.24,122.10,123.42,121.10,"60,803"
"Sep 28, 2021",123.94,123.94,121.90,122.32,120.02,"81,357"
"Sep 27, 2021",125.60,125.96,122.96,123.92,121.59,"67,146"
"Sep 24, 2021",124.90,124.94,124.16,124.60,122.26,"34,636"
"Sep 23, 2021",125.06,125.90,124.18,124.92,122.57,"83,137"
"Sep 22, 2021",123.00,123.78,122.56,123.76,121.43,"43,642"
"Sep 21, 2021",123.00,123.76,121.86,123.00,120.69,"80,803"
"Sep 20, 2021",123.20,123.82,121.56,121.86,119.57,"148,101"
"Sep 17, 2021",126.22,126.88,124.72,124.72,122.38,"38,098"
"Sep 16, 2021",126.18,126.60,125.30,125.42,123.06,"36,288"
"Sep 15, 2021",125.98,126.10,123.92,124.50,122.16,"58,089"
"Sep 14, 2021",126.94,127.42,126.30,126.84,124.46,"66,983"
"Sep 13, 2021",127.70,128.28,126.30,127.08,124.69,"125,440"
"Sep 10, 2021",130.94,131.46,126.94,128.06,125.65,"89,273"
"Sep 9, 2021",130.60,132.00,130.44,131.02,128.56,"39,163"
"Sep 8, 2021",132.00,133.00,130.42,131.00,128.54,"68,827"
"Sep 7, 2021",130.60,131.80,129.90,131.44,128.97,"64,334"
"Sep 6, 2021",130.58,130.76,130.08,130.58,128.13,"38,719"
"Sep 3, 2021",129.70,130.00,128.80,129.78,127.34,"39,832"
"Sep 2, 2021",129.30,130.50,128.82,129.94,127.50,"48,864"
"Sep 1, 2021",129.58,130.80,128.52,130.54,128.09,"65,213"
"Aug 31, 2021",129.56,129.92,127.98,128.86,126.44,"62,684"
"Aug 30, 2021",126.40,129.00,125.86,128.88,126.46,"64,800"
"Aug 27, 2021",125.84,126.20,124.80,125.58,123.22,"31,672"
"Aug 26, 2021",126.00,126.84,125.60,126.00,123.63,"20,567"
"Aug 25, 2021",127.84,128.12,126.10,126.20,123.83,"41,917"
"Aug 24, 2021",127.54,128.32,126.92,127.34,124.95,"45,399"
"Aug 23, 2021",127.38,127.70,126.00,127.70,125.30,"41,026"
"Aug 20, 2021",125.48,127.06,124.92,126.68,124.30,"50,124"
"Aug 19, 2021",124.80,125.58,123.48,125.58,123.22,"103,834"
"Aug 18, 2021",128.38,128.64,126.82,126.82,124.44,"61,088"
"Aug 17, 2021",128.00,129.20,127.40,128.62,126.20,"60,792"
"Aug 16, 2021",126.38,127.76,124.38,125.62,123.26,"84,869"
"Aug 13, 2021",126.62,127.14,125.84,125.84,123.48,"57,838"
"Aug 12, 2021",123.96,126.58,123.80,126.40,124.02,"48,057"
"Aug 11, 2021",124.14,124.82,123.70,124.22,121.89,"64,754"
"Aug 10, 2021",124.36,126.00,124.14,124.30,121.96,"88,526"
"Aug 9, 2021",124.08,124.76,123.60,124.34,122.00,"76,646"
"Aug 6, 2021",124.28,125.06,123.66,124.22,121.89,"59,407"
"Aug 5, 2021",123.86,124.88,123.42,124.54,121.98,"62,357"
"Aug 4, 2021",124.12,124.52,123.50,123.86,121.32,"25,385"
"Aug 3, 2021",122.88,123.54,122.30,123.20,120.67,"64,627"
"Aug 2, 2021",123.98,123.98,122.28,123.34,120.81,"45,974"
"Jul 30, 2021",121.74,122.32,120.90,122.32,119.81,"63,069"
"Jul 29, 2021",122.52,123.32,121.76,122.52,120.01,"47,697"
"Jul 28, 2021",122.86,124.52,120.94,123.10,120.57,"145,300"
"Jul 27, 2021",126.26,126.82,123.84,123.84,121.30,"63,254"
"Jul 26, 2021",126.22,126.86,125.18,126.80,124.20,"72,052"
"Jul 23, 2021",125.46,126.00,124.96,125.90,123.32,"57,919"
"Jul 22, 2021",123.38,125.50,123.32,125.38,122.81,"50,881"
"Jul 21, 2021",124.38,124.56,122.80,123.62,121.08,"55,083"
"Jul 20, 2021",121.98,123.48,121.00,123.44,120.91,"83,474"
"Jul 19, 2021",123.74,123.92,119.10,121.84,119.34,"253,955"
"Jul 16, 2021",125.28,126.66,124.90,124.98,122.42,"62,362"
"Jul 15, 2021",126.72,126.90,125.14,125.96,123.37,"92,074"
"Jul 14, 2021",123.74,126.42,123.74,125.94,123.36,"99,392"
"Jul 13, 2021",121.72,124.66,121.30,124.62,122.06,"140,951"
"Jul 12, 2021",122.34,123.36,121.44,122.04,119.54,"73,730"
"Jul 9, 2021",121.08,122.58,120.22,122.32,119.81,"60,214"
"Jul 8, 2021",122.32,122.44,118.68,119.90,117.44,"258,998"
"Jul 7, 2021",120.02,122.44,120.00,121.44,118.95,"77,792"
"Jul 6, 2021",117.98,120.90,117.30,119.94,117.48,"117,398"
"Jul 5, 2021",116.92,117.96,116.92,117.54,115.13,"46,724"
"Jul 2, 2021",115.58,117.50,115.36,117.06,114.66,"60,727"
"Jul 1, 2021",115.94,115.96,114.60,114.80,112.44,"42,718"
"Jun 30, 2021",114.58,115.66,114.00,115.32,112.95,"72,125"
"Jun 29, 2021",113.02,114.36,112.56,114.28,111.93,"53,761"
"Jun 28, 2021",111.28,113.32,111.28,113.20,110.88,"40,928"
"Jun 25, 2021",111.72,111.90,111.20,111.72,109.43,"29,825"
"Jun 24, 2021",112.14,112.80,112.12,112.30,110.00,"42,412"
"Jun 23, 2021",112.32,112.60,111.64,111.70,109.41,"66,376"
"Jun 22, 2021",110.96,111.50,110.32,111.32,109.04,"55,949"
"Jun 21, 2021",109.52,110.52,108.56,110.42,108.15,"70,502"
"Jun 18, 2021",110.50,110.80,110.00,110.06,107.80,"68,691"
"Jun 17, 2021",107.62,110.94,107.58,110.94,108.66,"102,105"
"Jun 16, 2021",107.28,107.90,106.56,107.60,105.39,"30,162"
"Jun 15, 2021",107.98,107.98,106.78,106.92,104.73,"36,377"
"Jun 14, 2021",105.22,107.00,104.88,106.92,104.73,"43,271"
"Jun 11, 2021",104.04,105.02,103.76,104.96,102.81,"52,295"
"Jun 10, 2021",104.42,105.20,103.50,104.02,101.89,"70,157"
"Jun 9, 2021",104.04,104.50,103.62,104.20,102.06,"43,136"
"Jun 8, 2021",103.62,105.50,103.34,103.98,101.85,"115,507"
"Jun 7, 2021",103.16,103.94,102.46,102.52,100.42,"56,359"
"Jun 4, 2021",102.04,103.00,101.64,102.86,100.75,"57,018"
"Jun 3, 2021",102.50,102.68,101.50,102.02,99.93,"46,200"
"Jun 2, 2021",101.84,102.54,101.54,102.38,100.28,"31,830"
"Jun 1, 2021",102.34,102.74,101.36,101.82,99.73,"56,202"
"May 31, 2021",102.22,102.50,101.62,102.14,100.04,"37,505"
"May 28, 2021",103.36,103.74,102.50,102.64,100.53,"62,497"
"May 27, 2021",103.80,104.58,103.00,104.12,101.98,"45,243"
"May 26, 2021",103.96,104.26,103.60,103.98,101.85,"24,804"
"May 25, 2021",104.00,104.76,103.50,103.70,101.57,"49,397"
"May 21, 2021",104.60,105.04,103.34,103.44,101.32,"83,513"
"May 20, 2021",102.32,103.86,101.76,103.86,101.73,"57,637"
"May 19, 2021",101.82,101.82,100.58,101.20,99.12,"95,895"
"May 18, 2021",104.60,104.68,103.22,103.62,101.49,"34,487"
"May 17, 2021",105.20,105.30,103.42,103.54,101.42,"39,284"
"May 14, 2021",104.50,104.76,103.70,104.34,102.20,"40,861"
"May 13, 2021",101.36,104.46,100.60,103.66,101.53,"115,419"
"May 12, 2021",103.40,103.74,101.82,101.94,99.85,"95,884"
"May 11, 2021",103.46,103.54,100.94,102.96,100.85,"152,890"
"May 10, 2021",107.00,107.14,105.20,105.40,103.24,"100,863"
"May 7, 2021",107.72,108.74,107.00,107.88,105.67,"66,627"
"May 6, 2021",106.88,106.94,105.48,106.74,104.33,"63,782"
"May 5, 2021",106.98,108.60,106.66,108.34,105.90,"83,065"
"May 4, 2021",109.62,109.96,105.98,106.06,103.67,"126,220"
"May 3, 2021",109.90,111.00,109.16,110.00,107.52,"74,105"
"Apr 30, 2021",109.78,110.90,108.68,110.58,108.09,"103,605"
"Apr 29, 2021",113.26,113.74,110.32,110.64,108.15,"177,098"
"Apr 28, 2021",111.74,111.74,110.68,110.70,108.20,"46,377"
"Apr 27, 2021",111.68,112.30,111.06,111.32,108.81,"44,791"
"Apr 26, 2021",111.10,111.82,110.52,111.52,109.01,"63,319"
"Apr 23, 2021",109.88,111.28,109.42,111.28,108.77,"44,751"
"Apr 22, 2021",110.92,111.60,110.34,111.50,108.99,"42,567"
"Apr 21, 2021",109.96,110.80,109.50,110.78,108.28,"59,336"
"Apr 20, 2021",112.00,112.52,110.12,110.16,107.68,"61,720"
"Apr 19, 2021",111.72,112.52,110.92,111.80,109.28,"42,392"
"Apr 16, 2021",112.10,112.62,111.34,111.68,109.16,"45,002"
"Apr 15, 2021",110.96,112.68,110.70,112.26,109.73,"59,565"
"Apr 14, 2021",112.70,113.00,110.78,111.04,108.54,"87,538"
"Apr 13, 2021",110.20,112.00,109.86,111.48,108.97,"74,250"
"Apr 12, 2021",111.80,112.00,109.92,109.92,107.44,"81,238"
"Apr 9, 2021",109.40,110.50,108.90,110.48,107.99,"72,111"
"Apr 8, 2021",108.24,109.28,108.10,108.78,106.33,"72,416"
"Apr 7, 2021",106.60,107.12,105.36,106.94,104.53,"47,781"
"Apr 6, 2021",106.20,107.32,105.82,107.08,104.67,"81,219"
"Apr 1, 2021",105.44,105.52,104.70,104.70,102.34,"63,688"
"Mar 31, 2021",103.60,104.98,102.90,104.88,102.52,"167,274"
"Mar 30, 2021",102.70,102.94,101.40,102.40,100.09,"40,742"
"Mar 29, 2021",102.70,103.92,101.90,102.98,100.66,"54,460"
"Mar 26, 2021",103.16,103.16,101.40,102.08,99.78,"53,534"
"Mar 25, 2021",102.00,102.94,100.44,101.96,99.66,"90,748"
"Mar 24, 2021",103.64,104.48,102.50,102.56,100.25,"82,911"
"Mar 23, 2021",103.40,104.58,102.82,103.56,101.23,"67,589"
"Mar 22, 2021",101.52,103.44,100.80,103.44,101.11,"91,811"
"Mar 19, 2021",101.76,102.20,100.78,101.52,99.23,"113,228"
"Mar 18, 2021",103.66,103.88,102.04,102.28,99.97,"89,536"
"Mar 17, 2021",105.30,105.40,102.84,103.10,100.78,"99,732"
"Mar 16, 2021",104.50,106.80,104.34,105.66,103.28,"114,512"
"Mar 15, 2021",101.24,103.62,101.04,102.70,100.38,"102,692"
"Mar 12, 2021",101.26,101.30,99.93,100.20,97.94,"176,229"
"Mar 11, 2021",102.22,103.08,101.70,102.44,100.13,"234,086"
"Mar 10, 2021",102.00,102.44,100.46,100.96,98.68,"182,194"
"Mar 9, 2021",99.70,102.14,99.38,101.34,99.06,"240,253"
"Mar 8, 2021",100.90,101.94,99.43,99.68,97.43,"187,245"
"Mar 5, 2021",100.10,101.88,98.75,98.98,96.75,"143,899"
"Mar 4, 2021",101.20,102.56,100.00,101.48,99.19,"182,187"
"Mar 3, 2021",104.80,105.00,102.20,103.22,100.89,"69,534"
"Mar 2, 2021",106.00,106.78,104.00,104.20,101.85,"115,006"
"Mar 1, 2021",103.30,104.56,102.00,104.42,102.07,"136,599"
"Feb 26, 2021",98.84,102.66,98.54,102.66,100.35,"199,705"
"Feb 25, 2021",103.50,103.50,100.84,101.04,98.76,"115,559"
"Feb 24, 2021",102.82,104.88,100.84,102.86,100.54,"183,373"
"Feb 23, 2021",103.60,104.28,97.82,101.40,99.11,"422,063"
"Feb 22, 2021",106.20,106.70,103.48,104.30,101.95,"205,379"
"Feb 19, 2021",107.00,107.82,106.80,107.50,105.08,"89,749"
"Feb 18, 2021",107.90,108.36,105.64,106.34,103.94,"141,853"
"Feb 17, 2021",110.00,110.62,107.68,107.94,105.51,"103,141"
"Feb 16, 2021",112.30,112.30,110.40,110.40,107.91,"83,617"
"Feb 15, 2021",112.30,112.78,111.42,111.52,109.01,"56,834"
"Feb 12, 2021",111.54,111.86,110.62,111.08,108.58,"51,602"
"Feb 11, 2021",112.00,112.30,111.18,111.42,108.91,"76,627"
"Feb 10, 2021",113.00,113.10,110.84,111.64,109.12,"80,221"
"Feb 9, 2021",113.24,113.96,112.44,113.12,110.57,"81,316"
"Feb 8, 2021",114.40,114.40,112.00,113.04,110.49,"110,596"
"Feb 5, 2021",115.30,115.52,113.08,113.70,111.14,"148,753"
"Feb 4, 2021",113.00,114.10,112.50,113.80,111.03,"130,399"
"Feb 3, 2021",112.88,113.10,111.32,111.62,108.91,"129,950"
"Feb 2, 2021",112.24,113.20,111.98,112.78,110.04,"114,320"
"Feb 1, 2021",110.38,111.70,108.36,110.96,108.26,"190,360"
"Jan 29, 2021",112.38,112.62,108.70,108.70,106.06,"215,579"
"Jan 28, 2021",114.30,117.08,111.22,115.00,112.21,"351,380"
"Jan 27, 2021",118.50,119.70,117.16,117.56,114.70,"189,032"
"Jan 26, 2021",118.00,118.62,116.40,116.98,114.14,"147,834"
"Jan 25, 2021",116.54,119.60,112.70,117.04,114.20,"300,631"
"Jan 22, 2021",111.20,113.00,111.10,112.52,109.79,"139,404"
"Jan 21, 2021",109.90,112.22,109.50,111.96,109.24,"159,139"
"Jan 20, 2021",105.66,109.00,105.52,108.84,106.19,"82,524"
"Jan 19, 2021",106.74,106.74,104.58,105.04,102.49,"97,165"
"Jan 18, 2021",105.44,106.12,105.12,105.64,103.07,"32,600"
"Jan 15, 2021",106.60,107.40,105.54,106.76,104.17,"68,046"
"Jan 14, 2021",107.56,108.10,106.90,107.24,104.63,"109,426"
"Jan 13, 2021",105.66,108.06,105.62,107.94,105.32,"83,842"
"Jan 12, 2021",106.70,106.92,105.50,105.80,103.23,"57,205"
"Jan 11, 2021",107.90,108.28,105.76,106.56,103.97,"77,965"
"Jan 8, 2021",108.16,108.48,106.42,107.08,104.48,"103,061"
"Jan 7, 2021",104.32,106.80,103.80,106.42,103.83,"100,263"
"Jan 6, 2021",104.50,106.76,102.90,106.16,103.58,"194,418"
"Jan 5, 2021",105.96,107.48,104.66,106.22,103.64,"128,844"
"Jan 4, 2021",109.54,109.54,105.38,105.76,103.19,"136,602"
"Dec 30, 2020",110.50,110.94,110.12,110.30,107.62,"74,283"
"Dec 29, 2020",112.10,113.20,110.70,112.06,109.34,"121,468"
"Dec 28, 2020",109.06,111.32,108.40,111.32,108.61,"182,030"
"Dec 23, 2020",107.94,108.96,107.22,107.74,105.12,"113,199"
"Dec 22, 2020",106.12,110.08,106.12,107.26,104.65,"268,785"
"Dec 21, 2020",103.84,104.62,101.20,102.08,99.60,"176,321"
"Dec 18, 2020",104.90,106.00,103.90,104.24,101.71,"117,765"
"Dec 17, 2020",105.00,105.62,104.60,105.00,102.45,"55,344"
"Dec 16, 2020",104.88,105.50,103.76,104.58,102.04,"111,662"
"Dec 15, 2020",101.34,104.44,100.50,103.64,101.12,"125,472"
"Dec 14, 2020",100.72,101.50,100.36,101.14,98.68,"77,051"
"Dec 11, 2020",101.42,101.78,99.85,100.08,97.65,"56,944"
"Dec 10, 2020",100.70,102.18,99.16,102.06,99.58,"138,495"
"Dec 9, 2020",103.06,104.06,102.24,103.46,100.95,"105,044"
"Dec 8, 2020",102.20,103.04,101.64,102.04,99.56,"105,924"
"Dec 7, 2020",101.06,102.50,100.26,102.30,99.81,"85,033"
"Dec 4, 2020",101.30,101.68,99.90,100.94,98.49,"59,104"
"Dec 3, 2020",101.58,102.10,100.64,101.12,98.66,"97,839"
"Dec 2, 2020",101.12,101.82,100.08,101.18,98.72,"83,983"
"Dec 1, 2020",101.08,102.44,99.95,102.02,99.54,"169,925"
"Nov 30, 2020",97.44,99.60,96.96,98.50,96.11,"115,661"
"Nov 27, 2020",98.02,98.33,97.62,97.90,95.52,"65,046"
"Nov 26, 2020",97.75,98.53,97.60,98.18,95.79,"36,862"
"Nov 25, 2020",97.19,98.11,96.56,97.65,95.28,"104,851"
"Nov 24, 2020",96.92,96.92,95.05,96.75,94.40,"119,759"
"Nov 23, 2020",99.16,99.29,96.59,96.59,94.24,"100,562"
"Nov 20, 2020",99.88,100.24,99.35,99.85,97.42,"77,190"
"Nov 19, 2020",99.65,99.96,98.86,99.94,97.51,"79,974"
"Nov 18, 2020",100.54,100.96,99.75,100.68,98.23,"201,869"
"Nov 17, 2020",100.94,101.48,100.38,101.00,98.55,"85,508"
"Nov 16, 2020",101.62,102.02,99.90,101.78,99.31,"156,077"
"Nov 13, 2020",101.62,102.00,99.76,99.93,97.50,"191,464"
"Nov 12, 2020",100.70,102.08,100.32,101.24,98.78,"78,202"
"Nov 11, 2020",98.79,100.84,98.31,100.52,98.08,"103,172"
"Nov 10, 2020",98.90,99.39,96.67,98.50,96.11,"295,864"
"Nov 9, 2020",102.50,102.94,99.16,102.72,100.22,"350,157"
"Nov 6, 2020",99.53,99.80,97.95,99.50,97.08,"127,748"
"Nov 5, 2020",100.30,101.08,98.80,100.10,97.47,"191,601"
"Nov 4, 2020",95.49,98.58,95.02,97.95,95.37,"205,229"
"Nov 3, 2020",93.58,94.94,92.79,94.74,92.25,"120,954"
"Nov 2, 2020",94.00,95.08,92.65,92.79,90.35,"191,093"
"Oct 30, 2020",93.41,95.72,92.74,93.71,91.25,"244,109"
"Oct 29, 2020",96.00,98.79,95.50,98.67,96.07,"162,483"
"Oct 28, 2020",98.60,98.82,95.43,96.15,93.62,"237,627"
"Oct 27, 2020",97.51,99.08,96.90,98.52,95.93,"96,177"
"Oct 26, 2020",96.00,98.57,95.00,96.55,94.01,"128,150"
"Oct 23, 2020",98.07,98.54,96.80,96.85,94.30,"103,171"
"Oct 22, 2020",97.69,99.70,96.78,97.68,95.11,"116,745"
"Oct 21, 2020",100.00,100.00,98.35,99.20,96.59,"97,763"
"Oct 20, 2020",100.08,100.26,97.70,98.58,95.99,"133,734"
"Oct 19, 2020",102.32,103.16,100.38,101.20,98.54,"88,384"
"Oct 16, 2020",103.10,103.96,102.06,102.28,99.59,"108,735"
"Oct 15, 2020",101.38,103.00,100.12,102.46,99.77,"363,218"
"Oct 14, 2020",104.46,104.56,102.34,103.44,100.72,"135,573"
"Oct 13, 2020",106.52,108.02,103.36,105.84,103.06,"300,706"
"Oct 12, 2020",100.50,104.16,100.10,104.16,101.42,"218,529"
"Oct 9, 2020",98.05,98.50,97.35,98.21,95.63,"70,157"
"Oct 8, 2020",98.51,99.07,98.01,98.10,95.52,"80,763"
"Oct 7, 2020",97.19,97.86,96.65,97.72,95.15,"93,363"
"Oct 6, 2020",98.54,98.65,96.50,96.87,94.32,"83,987"
"Oct 5, 2020",97.69,98.00,96.58,97.78,95.21,"90,994"
"Oct 2, 2020",97.41,98.41,95.81,97.43,94.87,"172,679"
"Oct 1, 2020",99.84,100.40,99.00,99.37,96.76,"140,838"
"Sep 30, 2020",96.39,99.30,96.06,98.66,96.07,"91,231"
"Sep 29, 2020",98.69,98.79,96.90,97.26,94.70,"91,404"
"Sep 28, 2020",98.00,98.99,96.84,97.24,94.68,"160,998"
"Sep 25, 2020",93.14,95.44,92.11,95.14,92.64,"118,822"
"Sep 24, 2020",91.30,94.10,90.10,94.10,91.63,"162,043"
"Sep 23, 2020",95.30,96.14,94.25,94.25,91.77,"127,749"
"Sep 22, 2020",93.97,95.96,93.04,93.70,91.24,"225,797"
"Sep 21, 2020",89.96,91.75,87.70,89.83,87.47,"313,949"
"Sep 18, 2020",93.89,94.35,90.68,90.80,88.41,"173,706"
"Sep 17, 2020",93.91,94.91,92.02,94.44,91.96,"245,241"
"Sep 16, 2020",97.95,98.23,95.84,96.46,93.92,"155,189"
"Sep 15, 2020",98.14,100.84,97.51,99.13,96.52,"251,102"
"Sep 14, 2020",96.99,97.25,95.64,96.36,93.83,"185,873"
"Sep 11, 2020",97.64,98.21,93.64,94.68,92.19,"197,147"
"Sep 10, 2020",100.20,101.58,97.40,98.64,96.05,"318,653"
"Sep 9, 2020",96.09,100.32,96.09,99.67,97.05,"320,832"
"Sep 8, 2020",102.08,102.30,96.22,99.28,96.67,"336,433"
"Sep 7, 2020",100.80,101.84,100.22,101.40,98.73,"235,062"
"Sep 4, 2020",99.10,104.64,94.12,97.66,95.09,"688,958"
"Sep 3, 2020",112.14,112.48,102.00,104.48,101.73,"366,852"
"Sep 2, 2020",114.60,117.06,108.20,109.24,106.37,"477,069"
"Sep 1, 2020",110.40,111.00,109.04,110.70,107.79,"414,120"
"Aug 31, 2020",107.20,108.84,104.80,107.42,104.59,"483,617"
"Aug 28, 2020",106.05,106.34,105.07,105.63,102.85,"158,304"
"Aug 27, 2020",107.19,107.91,106.50,106.90,104.09,"149,572"
"Aug 26, 2020",106.05,107.50,105.54,106.34,103.54,"193,812"
"Aug 25, 2020",108.11,108.11,104.06,105.25,102.48,"205,220"
"Aug 24, 2020",107.15,108.80,104.59,106.61,103.81,"455,260"
"Aug 21, 2020",100.85,104.66,100.68,104.34,101.59,"242,188"
"Aug 20, 2020",97.56,99.18,97.26,98.90,96.30,"128,164"
"Aug 19, 2020",96.99,98.49,96.71,98.32,95.74,"188,876"
"Aug 18, 2020",96.55,96.82,95.49,96.44,93.90,"136,884"
"Aug 17, 2020",97.19,97.96,96.29,96.35,93.82,"129,192"
"Aug 14, 2020",97.68,97.71,95.59,96.29,93.76,"130,012"
"Aug 13, 2020",95.47,97.70,95.22,97.29,94.73,"135,864"
"Aug 12, 2020",93.89,95.16,93.47,95.16,92.66,"135,904"
"Aug 11, 2020",96.25,96.56,94.36,94.88,92.38,"139,020"
"Aug 10, 2020",94.85,96.61,93.47,94.91,92.42,"359,852"
"Aug 7, 2020",96.21,96.35,95.25,95.69,93.17,"245,768"
"Aug 6, 2020",92.60,94.14,92.51,93.93,91.26,"117,240"
"Aug 5, 2020",93.36,93.71,91.70,92.06,89.45,"296,188"
"Aug 4, 2020",93.49,94.30,91.80,93.13,90.48,"237,376"
"Aug 3, 2020",90.94,95.15,90.50,93.26,90.61,"372,584"
"Jul 31, 2020",86.25,87.49,85.31,86.82,84.36,"355,088"
"Jul 30, 2020",80.75,80.80,79.59,80.63,78.33,"125,644"
"Jul 29, 2020",79.81,80.63,79.70,80.29,78.01,"55,808"
"Jul 28, 2020",81.34,81.45,79.68,80.09,77.81,"96,532"
"Jul 27, 2020",79.61,80.63,79.32,79.69,77.42,"170,624"
"Jul 24, 2020",78.97,79.80,76.89,79.35,77.09,"338,428"
"Jul 23, 2020",84.36,84.70,82.55,82.63,80.28,"109,544"
"Jul 22, 2020",84.39,84.59,83.34,84.01,81.62,"108,692"
"Jul 21, 2020",86.76,87.00,84.95,85.24,82.81,"145,100"
"Jul 20, 2020",83.61,85.13,83.34,85.03,82.61,"83,400"
"Jul 17, 2020",84.44,85.10,83.85,84.39,81.99,"59,452"
"Jul 16, 2020",85.21,85.24,84.00,84.25,81.86,"123,656"
"Jul 15, 2020",85.61,86.93,84.81,85.34,82.91,"262,172"
"Jul 14, 2020",85.19,85.20,82.38,83.93,81.54,"253,672"
"Jul 13, 2020",85.69,87.95,85.36,87.82,85.33,"170,524"
"Jul 10, 2020",84.44,84.74,83.78,84.34,81.94,"77,548"
"Jul 9, 2020",84.05,84.99,83.85,84.34,81.94,"125,448"
"Jul 8, 2020",82.82,84.03,82.82,83.53,81.15,"89,736"
"Jul 7, 2020",82.60,83.91,82.40,83.51,81.14,"62,100"
"Jul 6, 2020",81.96,83.32,81.53,82.84,80.48,"102,420"
"Jul 3, 2020",81.39,81.61,80.88,81.00,78.70,"48,932"
"Jul 2, 2020",81.09,82.20,80.79,81.49,79.17,"216,528"
"Jul 1, 2020",81.16,81.79,80.85,81.40,79.09,"96,300"
"Jun 30, 2020",80.91,81.35,79.88,80.99,78.69,"128,672"
"Jun 29, 2020",78.50,80.03,77.96,80.00,77.73,"132,512"
"Jun 26, 2020",81.19,81.47,79.30,80.11,77.84,"79,160"
"Jun 25, 2020",79.94,80.93,78.96,80.44,78.15,"118,944"
"Jun 24, 2020",81.25,81.75,80.05,80.19,77.91,"167,032"
"Jun 23, 2020",80.45,80.96,80.00,80.96,78.66,"175,496"
"Jun 22, 2020",78.04,79.13,78.01,79.03,76.78,"101,156"
"Jun 19, 2020",78.78,79.38,78.54,78.95,76.71,"85,088"
"Jun 18, 2020",78.40,78.66,77.95,78.53,76.29,"102,612"
"Jun 17, 2020",78.49,79.22,78.29,78.85,76.61,"109,884"
"Jun 16, 2020",76.61,78.25,76.28,77.68,75.47,"289,776"
"Jun 15, 2020",73.09,74.95,72.80,74.86,72.73,"167,512"
"Jun 12, 2020",74.99,76.80,74.64,75.38,73.23,"205,100"
"Jun 11, 2020",76.88,77.18,76.07,76.60,74.42,"144,352"
"Jun 10, 2020",76.22,77.74,75.74,77.50,75.30,"299,932"
"Jun 9, 2020",73.74,75.26,73.05,75.26,73.12,"242,508"
"Jun 8, 2020",73.50,73.54,72.40,73.06,70.99,"156,432"
"Jun 5, 2020",71.41,72.81,71.09,72.81,70.74,"145,752"
"Jun 4, 2020",72.19,72.49,71.25,71.49,69.46,"77,908"
"Jun 3, 2020",72.41,72.64,71.97,72.03,69.98,"82,656"
"Jun 2, 2020",72.63,72.64,71.36,71.59,69.55,"92,752"
"May 29, 2020",71.56,72.10,71.16,71.51,69.48,"178,556"
"May 28, 2020",72.01,72.60,71.39,72.45,70.39,"99,984"
"May 27, 2020",72.90,73.29,71.20,71.82,69.78,"119,152"
"May 26, 2020",74.51,74.57,72.57,72.57,70.51,"90,808"
"May 25, 2020",73.59,74.24,73.36,74.19,72.08,"85,444"
"May 22, 2020",71.76,72.94,71.50,72.75,70.68,"45,080"
"May 21, 2020",72.44,73.03,72.18,72.34,70.28,"66,044"
"May 20, 2020",72.06,72.66,71.96,72.65,70.58,"70,164"
"May 19, 2020",72.75,72.80,71.53,72.66,70.60,"118,932"
"May 18, 2020",71.50,72.55,71.34,72.19,70.14,"122,364"
"May 15, 2020",71.79,72.09,69.20,70.07,68.08,"126,468"
"May 14, 2020",70.89,71.47,69.78,70.72,68.71,"174,420"
"May 13, 2020",71.96,72.75,71.44,71.91,69.87,"107,120"
"May 12, 2020",72.36,73.36,72.30,73.19,71.11,"100,180"
"May 11, 2020",71.71,72.51,70.93,72.40,70.34,"200,144"
"May 8, 2020",70.84,70.99,70.30,70.63,68.62,"141,268"
"May 7, 2020",70.21,70.74,70.13,70.25,68.05,"107,136"
"May 6, 2020",69.50,70.13,69.00,69.99,67.80,"121,724"
"May 5, 2020",67.51,68.93,67.50,68.84,66.69,"168,520"
"May 4, 2020",66.10,66.74,65.28,66.66,64.58,"189,952"
"Apr 30, 2020",67.45,67.55,66.18,66.36,64.29,"208,044"
"Apr 29, 2020",65.29,66.75,64.63,66.28,64.20,"178,656"
"Apr 28, 2020",65.49,66.00,64.74,65.04,63.00,"204,300"
"Apr 27, 2020",65.88,66.19,64.54,65.26,63.22,"200,864"
"Apr 24, 2020",63.20,64.94,63.03,64.54,62.52,"155,416"
"Apr 23, 2020",63.83,65.00,63.00,64.70,62.68,"160,772"
"Apr 22, 2020",62.94,63.26,62.50,63.15,61.18,"131,020"
"Apr 21, 2020",63.50,64.13,61.50,61.50,59.58,"251,396"
"Apr 20, 2020",64.93,64.97,63.92,64.56,62.54,"158,428"
"Apr 17, 2020",66.88,67.22,64.20,64.49,62.47,"344,152"
"Apr 16, 2020",66.29,66.70,65.19,66.18,64.11,"211,160"
"Apr 15, 2020",65.63,65.72,64.38,64.99,62.96,"268,004"
"Apr 14, 2020",63.90,65.25,63.42,64.95,62.92,"140,460"
"Apr 9, 2020",61.70,61.92,60.39,60.81,58.91,"237,196"
"Apr 8, 2020",60.04,61.10,59.29,61.03,59.12,"141,408"
"Apr 7, 2020",61.64,62.20,60.17,61.00,59.09,"296,272"
"Apr 6, 2020",58.29,58.84,57.64,58.64,56.80,"173,816"
"Apr 3, 2020",55.99,56.92,55.86,56.19,54.43,"96,700"
"Apr 2, 2020",55.99,56.39,54.72,55.72,53.98,"162,292"
"Apr 1, 2020",56.31,56.92,56.17,56.30,54.54,"170,032"
"Mar 31, 2020",58.49,59.81,57.61,59.20,57.35,"226,416"
"Mar 30, 2020",56.41,57.38,55.51,57.29,55.50,"127,176"
"Mar 27, 2020",57.55,57.84,56.21,56.61,54.84,"129,400"
"Mar 26, 2020",55.95,57.83,54.92,57.76,55.96,"215,892"
"Mar 25, 2020",58.72,60.46,56.67,58.64,56.80,"616,232"
"Mar 24, 2020",54.25,56.38,53.35,56.20,54.44,"297,988"
"Mar 23, 2020",52.14,55.20,49.28,51.08,49.48,"544,544"
"Mar 20, 2020",59.74,60.45,57.25,57.53,55.73,"261,860"
"Mar 19, 2020",56.67,58.50,56.22,57.51,55.71,"391,136"
"Mar 18, 2020",54.50,56.94,53.61,56.46,54.70,"307,548"
"Mar 17, 2020",57.38,58.64,54.26,57.61,55.81,"540,540"
"Mar 16, 2020",56.25,58.24,53.31,56.96,55.18,"600,596"
"Mar 13, 2020",57.75,60.25,56.55,58.61,56.78,"849,368"
"Mar 12, 2020",58.13,58.78,55.00,56.54,54.77,"682,668"
"Mar 11, 2020",61.47,62.35,60.71,61.71,59.78,"332,532"
"Mar 10, 2020",60.44,62.14,59.21,60.45,58.56,"503,468"
"Mar 9, 2020",58.70,60.79,56.95,59.64,57.77,"785,944"
"Mar 6, 2020",64.34,64.46,61.90,63.30,61.32,"331,248"
"Mar 5, 2020",67.28,67.35,65.53,66.60,64.52,"253,348"
"Mar 4, 2020",66.15,67.13,65.64,66.71,64.63,"316,168"
"Mar 3, 2020",67.60,69.13,65.26,65.95,63.89,"875,764"
"Mar 2, 2020",63.88,65.10,61.28,65.01,62.98,"756,016"
"Feb 28, 2020",59.39,61.41,58.50,61.41,59.49,1,"312,416"
"Feb 27, 2020",66.03,66.63,62.31,63.88,61.88,"621,288"
"Feb 26, 2020",65.88,68.47,64.50,68.13,66.00,"835,588"
"Feb 25, 2020",69.65,69.89,66.25,66.25,64.18,"331,344"
"Feb 24, 2020",68.75,70.06,64.75,68.84,66.69,"849,300"
"Feb 21, 2020",73.47,74.11,72.61,73.88,71.57,"189,652"
"Feb 20, 2020",75.03,75.14,74.00,74.00,71.69,"119,320"
"Feb 19, 2020",74.00,75.18,74.00,75.11,72.76,"168,456"
"Feb 18, 2020",70.53,74.07,70.05,73.29,71.00,"696,472"
"Feb 17, 2020",75.15,75.35,75.05,75.10,72.75,"135,664"
"Feb 14, 2020",75.06,75.32,74.47,74.91,72.57,"196,072"
"Feb 13, 2020",74.50,75.05,73.88,75.03,72.68,"281,804"
"Feb 12, 2020",73.50,74.49,73.44,74.43,72.10,"191,712"
"Feb 11, 2020",73.95,74.20,73.66,73.72,71.42,"144,900"
"Feb 10, 2020",73.05,73.38,71.85,73.14,70.85,"193,656"
"Feb 7, 2020",73.88,74.09,73.11,73.70,71.40,"82,932"
"Feb 6, 2020",73.60,73.80,72.85,73.46,70.98,"94,452"
"Feb 5, 2020",72.10,73.75,72.04,72.72,70.27,"230,876"
"Feb 4, 2020",70.63,72.26,70.07,72.26,69.82,"223,252"
"Feb 3, 2020",70.32,70.89,68.32,70.68,68.29,"405,168"
"Jan 31, 2020",73.25,73.30,71.07,71.25,68.84,"270,516"
"Jan 30, 2020",72.75,73.50,72.21,72.78,70.32,"198,836"
"Jan 29, 2020",73.50,74.38,73.06,74.20,71.69,"337,760"
"Jan 28, 2020",70.93,71.84,70.25,71.75,69.32,"152,460"
"Jan 27, 2020",70.69,71.15,68.53,70.07,67.71,"459,852"
"Jan 24, 2020",72.50,73.34,72.39,73.11,70.64,"121,944"
"Jan 23, 2020",71.55,72.05,71.31,71.90,69.47,"113,760"
"Jan 22, 2020",71.80,72.07,71.56,71.81,69.39,"89,320"
"Jan 21, 2020",71.50,71.86,71.21,71.81,69.39,"86,632"
"Jan 20, 2020",71.78,72.00,71.72,71.88,69.45,"156,368"
"Jan 17, 2020",70.96,71.44,70.94,71.19,68.78,"119,580"
"Jan 16, 2020",70.30,70.80,70.09,70.32,67.95,"142,384"
"Jan 15, 2020",70.25,70.72,69.80,70.38,68.00,"132,324"
"Jan 14, 2020",71.24,71.47,70.46,70.88,68.48,"306,512"
"Jan 13, 2020",70.00,70.40,69.88,70.13,67.75,"123,244"
"Jan 10, 2020",70.29,70.38,69.75,69.94,67.57,"213,764"
"Jan 9, 2020",68.68,69.85,68.57,69.78,67.42,"165,844"
"Jan 8, 2020",66.46,67.35,66.40,67.18,64.90,"151,812"
"Jan 7, 2020",67.16,67.47,66.74,67.20,64.93,"151,164"
"Jan 6, 2020",66.29,66.95,65.45,66.91,64.65,"222,812"
"Jan 3, 2020",66.68,67.41,66.07,66.76,64.51,"171,976"
"Jan 2, 2020",65.76,66.78,65.70,66.54,64.29,"87,784"
"Dec 30, 2019",64.85,64.88,64.53,64.78,62.59,"34,244"
"Dec 27, 2019",65.32,65.81,65.09,65.26,63.06,"93,496"
"Dec 23, 2019",63.24,63.97,63.13,63.91,61.75,"50,348"
"Dec 20, 2019",62.85,63.75,62.85,63.55,61.40,"65,004"
"Dec 19, 2019",62.88,63.17,62.64,62.95,60.82,"96,252"
"Dec 18, 2019",62.94,63.10,62.78,62.91,60.79,"40,688"
"Dec 17, 2019",62.83,63.14,62.35,62.95,60.82,"101,588"
"Dec 16, 2019",62.05,62.92,61.96,62.92,60.80,"81,400"
"Dec 13, 2019",61.22,61.65,60.60,61.38,59.30,"129,356"
"Dec 12, 2019",60.84,61.25,59.95,60.30,58.26,"91,804"
"Dec 11, 2019",60.58,61.06,60.56,60.91,58.85,"45,072"
"Dec 10, 2019",60.36,60.91,59.55,60.66,58.61,"142,096"
"Dec 9, 2019",61.15,61.25,60.38,60.38,58.33,"91,120"
"Dec 6, 2019",59.96,61.09,59.89,61.08,59.01,"77,012"
"Dec 5, 2019",59.36,59.63,59.03,59.45,57.44,"67,584"
"Dec 4, 2019",58.38,59.33,58.28,59.33,57.32,"56,496"
"Dec 3, 2019",59.74,59.81,57.84,57.91,55.96,"166,116"
"Dec 2, 2019",60.94,61.14,59.44,59.59,57.57,"131,528"
"Nov 29, 2019",60.58,60.88,60.47,60.70,58.65,"48,800"
"Nov 28, 2019",60.70,60.70,60.44,60.59,58.54,"72,296"
"Nov 27, 2019",60.24,60.63,60.19,60.55,58.50,"49,196"
"Nov 26, 2019",60.46,60.61,60.25,60.38,58.33,"67,808"
"Nov 25, 2019",59.72,60.30,59.45,60.19,58.15,"44,708"
"Nov 22, 2019",59.36,59.60,59.15,59.41,57.40,"32,560"
"Nov 21, 2019",59.60,59.84,59.17,59.17,57.17,"49,424"
"Nov 20, 2019",59.74,60.10,59.67,59.70,57.68,"53,384"
"Nov 19, 2019",60.30,60.67,59.86,60.08,58.04,"64,460"
"Nov 18, 2019",60.21,60.45,59.67,59.96,57.94,"93,032"
"Nov 15, 2019",59.90,59.91,59.58,59.83,57.80,"53,084"

